,0,1,2,3,4,5,6,7,8,9
0,ADT1_YEAST,0.58,0.61,0.47,0.13,0.50,0.00,0.48,0.22,MIT
1,ADT2_YEAST,0.43,0.67,0.48,0.27,0.50,0.00,0.53,0.22,MIT
2,ADT3_YEAST,0.64,0.62,0.49,0.15,0.50,0.00,0.53,0.22,MIT
3,AAR2_YEAST,0.58,0.44,0.57,0.13,0.50,0.00,0.54,0.22,NUC
4,AATM_YEAST,0.42,0.44,0.48,0.54,0.50,0.00,0.48,0.22,MIT
5,AATC_YEAST,0.51,0.40,0.56,0.17,0.50,0.50,0.49,0.22,CYT
6,ABC1_YEAST,0.50,0.54,0.48,0.65,0.50,0.00,0.53,0.22,MIT
7,ABF2_YEAST,0.55,0.50,0.66,0.36,0.50,0.00,0.49,0.22,MIT
8,ACE1_YEAST,0.43,0.39,0.54,0.21,0.50,0.00,0.53,0.27,NUC
9,ACE2_YEAST,0.42,0.37,0.59,0.20,0.50,0.00,0.52,0.29,NUC
10,ACH1_YEAST,0.40,0.42,0.57,0.35,0.50,0.00,0.53,0.25,CYT
11,ACON_YEAST,0.60,0.40,0.52,0.46,0.50,0.00,0.53,0.22,MIT
12,ACT_YEAST,0.46,0.44,0.52,0.11,0.50,0.00,0.50,0.22,CYT
13,ACT2_YEAST,0.47,0.39,0.50,0.11,0.50,0.00,0.49,0.40,CYT
14,ACT3_YEAST,0.58,0.47,0.54,0.11,0.50,0.00,0.51,0.26,NUC
15,ADA2_YEAST,0.61,0.60,0.55,0.21,0.50,0.00,0.50,0.25,NUC
16,PUR4_YEAST,0.43,0.44,0.48,0.22,0.50,0.00,0.51,0.22,CYT
17,PUR3_YEAST,0.73,0.63,0.42,0.30,0.50,0.00,0.49,0.22,CYT
18,ADH2_YEAST,0.46,0.53,0.52,0.15,0.50,0.00,0.58,0.22,CYT
19,ADH3_YEAST,0.51,0.51,0.52,0.51,0.50,0.00,0.54,0.22,MIT
20,ADH4_YEAST,0.59,0.45,0.53,0.19,0.50,0.00,0.59,0.27,CYT
21,KAD2_YEAST,0.63,0.67,0.57,0.24,0.50,0.00,0.49,0.22,MIT
22,ADP1_YEAST,0.80,0.88,0.36,0.39,0.50,0.00,0.56,0.33,ME1
23,ADR1_YEAST,0.53,0.54,0.43,0.10,0.50,0.00,0.57,0.32,NUC
24,AFG3_YEAST,0.51,0.51,0.43,0.87,0.50,0.00,0.52,0.22,MIT
25,AFR1_YEAST,0.38,0.61,0.61,0.12,0.50,0.00,0.53,0.47,CYT
26,AGA1_YEAST,0.78,0.74,0.42,0.26,0.50,0.00,0.43,0.22,ME1
27,AGA2_YEAST,0.74,0.67,0.47,0.34,0.50,0.00,0.42,0.22,EXC
28,YMX1_YEAST,0.72,0.61,0.45,0.30,0.50,0.00,0.54,0.25,MIT
29,SYAC_YEAST,0.40,0.45,0.57,0.18,0.50,0.00,0.56,0.26,CYT
30,DHA2_YEAST,0.57,0.53,0.53,0.34,0.50,0.00,0.53,0.22,MIT
31,ALG1_YEAST,0.86,0.68,0.39,0.24,0.50,0.00,0.54,0.22,ME2
32,ALG5_YEAST,0.86,0.74,0.51,0.40,0.50,0.00,0.55,0.22,ME2
33,GPT_YEAST,0.79,0.57,0.41,0.28,0.50,0.00,0.59,0.22,ME2
34,ALG8_YEAST,0.41,0.54,0.39,0.20,0.50,0.00,0.51,0.22,ME3
35,ANC1_YEAST,0.53,0.31,0.58,0.39,0.50,0.00,0.47,0.37,NUC
36,APE2_YEAST,0.49,0.39,0.52,0.29,0.50,0.00,0.48,0.22,EXC
37,ADB2_YEAST,0.48,0.39,0.51,0.21,0.50,0.00,0.52,0.28,CYT
38,YHB9_YEAST,0.41,0.53,0.45,0.14,0.50,0.00,0.52,0.66,ME3
39,APN1_YEAST,0.45,0.46,0.55,0.43,0.50,0.00,0.55,0.38,NUC
40,ARD1_YEAST,0.56,0.48,0.58,0.27,0.50,0.00,0.51,0.22,CYT
41,ARF1_YEAST,0.64,0.59,0.56,0.23,0.50,0.00,0.46,0.22,CYT
42,ARF2_YEAST,0.64,0.56,0.56,0.22,0.50,0.00,0.45,0.22,CYT
43,ASSY_YEAST,0.66,0.62,0.49,0.10,0.50,0.00,0.49,0.22,CYT
44,OTC_YEAST,0.53,0.44,0.51,0.33,0.50,0.00,0.55,0.22,CYT
45,ARLY_YEAST,0.38,0.49,0.53,0.19,0.50,0.00,0.50,0.22,CYT
46,AR56_YEAST,0.45,0.58,0.48,0.67,0.50,0.00,0.52,0.22,MIT
47,ARG1_YEAST,0.37,0.32,0.47,0.18,0.50,0.00,0.45,0.25,NUC
48,ARG3_YEAST,0.41,0.46,0.59,0.19,0.50,0.00,0.58,0.27,NUC
49,ARO1_YEAST,0.54,0.48,0.44,0.08,0.50,0.00,0.52,0.27,CYT
50,AROF_YEAST,0.34,0.46,0.57,0.09,0.50,0.00,0.55,0.22,CYT
51,AROG_YEAST,0.48,0.54,0.55,0.12,0.50,0.00,0.51,0.22,CYT
52,CHMU_YEAST,0.47,0.39,0.59,0.15,0.50,0.00,0.57,0.22,CYT
53,ASG2_YEAST,0.81,0.85,0.47,0.37,0.50,0.00,0.56,0.22,EXC
54,AST1_YEAST,0.48,0.42,0.52,0.24,0.50,0.00,0.56,0.22,CYT
55,ATE1_YEAST,0.58,0.51,0.49,0.27,0.50,0.00,0.57,0.29,CYT
56,ATPA_YEAST,0.45,0.55,0.54,0.66,0.50,0.00,0.47,0.22,MIT
57,ATPY_YEAST,0.46,0.49,0.58,0.23,0.50,0.00,0.44,0.22,MIT
58,ATPS_YEAST,0.49,0.42,0.56,0.55,0.50,0.00,0.42,0.25,MIT
59,ATPT_YEAST,0.63,0.53,0.54,0.40,0.50,0.00,0.50,0.22,MIT
60,ATPE_YEAST,0.63,0.57,0.59,0.40,0.50,0.00,0.38,0.22,MIT
61,ATPB_YEAST,0.43,0.57,0.51,0.49,0.50,0.00,0.48,0.22,MIT
62,ATPG_YEAST,0.48,0.45,0.55,0.50,0.50,0.00,0.53,0.22,MIT
63,ATPD_YEAST,0.50,0.58,0.46,0.46,0.50,0.00,0.46,0.22,MIT
64,ATPO_YEAST,0.51,0.54,0.60,0.57,0.50,0.00,0.58,0.22,MIT
65,ATP7_YEAST,0.54,0.52,0.63,0.37,0.50,0.00,0.46,0.22,MIT
66,ATP8_YEAST,0.67,0.62,0.40,0.43,0.50,0.83,0.50,0.22,MIT
67,YBR8_YEAST,0.39,0.44,0.35,0.16,0.50,0.00,0.55,0.22,ME3
68,BAR1_YEAST,0.80,0.63,0.45,0.29,0.50,0.00,0.51,0.22,EXC
69,BAS1_YEAST,0.50,0.52,0.59,0.30,0.50,0.00,0.51,0.35,NUC
70,BCK1_YEAST,0.42,0.47,0.52,0.41,0.50,0.00,0.53,0.32,CYT
71,BCS1_YEAST,0.46,0.38,0.47,0.22,0.50,0.00,0.52,0.27,MIT
72,KAPR_YEAST,0.40,0.45,0.56,0.20,0.50,0.00,0.45,0.22,CYT
73,BDF1_YEAST,0.33,0.43,0.64,0.16,0.50,0.00,0.52,0.52,NUC
74,BET1_YEAST,0.38,0.50,0.37,0.26,0.50,0.00,0.43,0.22,ME3
75,CYBM_YEAST,0.61,0.72,0.39,0.33,0.50,0.00,0.58,0.22,MIT
76,YMC4_YEAST,0.78,0.75,0.40,0.28,0.50,0.00,0.53,0.22,MIT
77,BIK1_YEAST,0.64,0.57,0.57,0.27,0.50,0.00,0.37,0.22,CYT
78,BSD2_YEAST,0.36,0.43,0.39,0.12,0.50,0.00,0.49,0.22,ME3
79,BUD5_YEAST,0.47,0.52,0.50,0.40,0.50,0.00,0.41,0.22,CYT
80,CAP2_YEAST,0.47,0.39,0.55,0.24,0.50,0.00,0.47,0.22,CYT
81,CAPA_YEAST,0.42,0.35,0.54,0.18,0.50,0.00,0.56,0.22,CYT
82,OAT_YEAST,0.27,0.60,0.48,0.23,0.50,0.00,0.55,0.22,CYT
83,CACP_YEAST,0.45,0.41,0.50,0.46,0.50,0.50,0.50,0.27,POX
84,CAT8_YEAST,0.44,0.52,0.41,0.23,0.50,0.00,0.51,0.22,NUC
85,CBF1_YEAST,0.30,0.32,0.57,0.19,0.50,0.00,0.48,0.55,NUC
86,CB32_YEAST,0.40,0.44,0.49,0.47,0.50,0.00,0.49,0.27,NUC
87,CBF5_YEAST,0.45,0.51,0.50,0.16,0.50,0.00,0.52,1.00,NUC
88,CBP1_YEAST,0.45,0.45,0.50,0.60,0.50,0.00,0.49,0.22,MIT
89,CBP3_YEAST,0.47,0.47,0.57,0.48,0.50,0.00,0.48,0.22,MIT
90,CBP4_YEAST,0.35,0.52,0.48,0.22,0.50,0.00,0.26,0.22,MIT
91,CBP6_YEAST,0.47,0.41,0.66,0.26,0.50,0.00,0.53,0.22,MIT
92,NC5R_YEAST,0.64,0.62,0.29,0.28,0.50,0.00,0.51,0.22,MIT
93,CCE1_YEAST,0.58,0.62,0.54,0.17,0.50,0.00,0.48,0.22,MIT
94,CCL1_YEAST,0.40,0.38,0.53,0.16,0.50,0.00,0.52,0.27,NUC
95,CCPR_YEAST,0.46,0.71,0.48,0.53,0.50,0.00,0.53,0.22,MIT
96,CCR4_YEAST,0.53,0.51,0.55,0.05,0.50,0.00,0.45,0.25,NUC
97,CTPT_YEAST,0.41,0.40,0.59,0.47,0.50,0.00,0.48,0.43,CYT
98,CC10_YEAST,0.50,0.64,0.57,0.15,0.50,0.00,0.47,0.22,CYT
99,CC11_YEAST,0.40,0.62,0.52,0.31,0.50,0.00,0.49,0.31,CYT
100,CC12_YEAST,0.60,0.50,0.57,0.25,0.50,0.00,0.41,0.26,CYT
101,CC16_YEAST,0.62,0.51,0.52,0.42,0.50,0.00,0.54,0.27,NUC
102,CC23_YEAST,0.35,0.58,0.54,0.16,0.50,0.00,0.51,0.22,NUC
103,CC24_YEAST,0.34,0.54,0.50,0.21,0.50,0.00,0.54,0.31,CYT
104,CC27_YEAST,0.48,0.54,0.50,0.17,0.50,0.00,0.53,0.22,NUC
105,CDC3_YEAST,0.29,0.32,0.58,0.15,0.50,0.00,0.50,0.30,CYT
106,CC31_YEAST,0.47,0.32,0.64,0.30,0.50,0.00,0.63,0.22,NUC
107,IF4E_YEAST,0.39,0.47,0.56,0.16,0.50,0.00,0.47,0.22,CYT
108,UBC3_YEAST,0.58,0.48,0.51,0.47,0.50,0.00,0.55,0.22,NUC
109,NOT2_YEAST,0.64,0.60,0.57,0.19,0.50,0.00,0.43,0.22,NUC
110,CC40_YEAST,0.28,0.37,0.61,0.09,0.50,0.00,0.52,0.55,NUC
111,CAL1_YEAST,0.39,0.55,0.48,0.31,0.50,0.00,0.54,0.29,CYT
112,CC46_YEAST,0.51,0.34,0.50,0.19,0.50,0.00,0.50,0.22,NUC
113,YB52_YEAST,0.58,0.50,0.50,0.12,0.50,0.00,0.48,0.25,NUC
114,CC48_YEAST,0.44,0.39,0.53,0.14,0.50,0.00,0.54,0.44,CYT
115,CC6_YEAST,0.41,0.39,0.44,0.34,0.50,0.00,0.48,0.40,NUC
116,CC68_YEAST,0.36,0.68,0.46,0.16,0.50,0.00,0.53,0.28,NUC
117,CC7_YEAST,0.42,0.31,0.50,0.15,0.50,0.00,0.53,0.22,NUC
118,KTHY_YEAST,0.42,0.43,0.56,0.10,0.50,0.00,0.49,0.22,CYT
119,DNLI_YEAST,0.67,0.71,0.52,0.65,0.50,0.00,0.53,0.36,NUC
120,MCE1_YEAST,0.49,0.47,0.53,0.16,0.50,0.00,0.48,0.27,NUC
121,CEM1_YEAST,0.71,0.59,0.48,0.43,0.50,0.00,0.59,0.22,MIT
122,RLUB_YEAST,0.40,0.42,0.71,0.21,0.50,0.00,0.54,0.32,CYT
123,CLH_YEAST,0.54,0.49,0.49,0.20,0.50,0.00,0.52,0.22,CYT
124,CHL1_YEAST,0.42,0.51,0.50,0.12,0.50,0.00,0.52,0.46,NUC
125,CHL4_YEAST,0.57,0.51,0.53,0.18,0.50,0.00,0.56,0.25,NUC
126,PSS_YEAST,0.35,0.45,0.43,0.11,0.50,0.00,0.56,0.22,ME3
127,PEM1_YEAST,0.42,0.42,0.42,0.20,0.50,0.00,0.49,0.22,ME3
128,CHS1_YEAST,0.26,0.50,0.33,0.28,0.50,0.00,0.51,0.22,ME3
129,CHS2_YEAST,0.39,0.42,0.38,0.40,0.50,0.00,0.49,0.47,ME3
130,CHS3_YEAST,0.26,0.44,0.30,0.11,0.50,0.00,0.51,0.47,ME3
131,CIN1_YEAST,0.48,0.61,0.44,0.20,0.50,0.00,0.47,0.22,CYT
132,CIN8_YEAST,0.21,0.41,0.55,0.11,0.50,0.00,0.50,0.27,CYT
133,CISY_YEAST,0.38,0.68,0.44,0.45,0.50,0.00,0.53,0.22,MIT
134,KC21_YEAST,0.31,0.31,0.56,0.33,0.50,0.00,0.52,0.33,NUC
135,KC22_YEAST,0.49,0.31,0.49,0.35,0.50,0.00,0.51,0.29,NUC
136,KC2C_YEAST,0.38,0.37,0.56,0.21,0.50,0.00,0.49,0.22,NUC
137,KICH_YEAST,0.39,0.40,0.53,0.67,0.50,0.00,0.47,0.22,CYT
138,CG12_YEAST,0.54,0.38,0.52,0.18,0.50,0.00,0.48,0.22,CYT
139,CG13_YEAST,0.43,0.57,0.53,0.53,0.50,0.00,0.53,0.25,CYT
140,CALM_YEAST,0.48,0.64,0.61,0.23,0.50,0.00,0.60,0.22,CYT
141,KCC1_YEAST,0.31,0.55,0.52,0.17,0.50,0.00,0.52,0.22,CYT
142,KCC2_YEAST,0.32,0.57,0.50,0.15,0.50,0.00,0.53,0.22,CYT
143,P2B1_YEAST,0.32,0.42,0.52,0.24,0.50,0.00,0.60,0.22,CYT
144,CALB_YEAST,0.37,0.42,0.51,0.11,0.50,0.00,0.57,0.22,CYT
145,CALX_YEAST,0.75,0.70,0.38,0.27,0.50,0.00,0.49,0.22,ME1
146,CYB_YEAST,0.61,0.72,0.31,0.33,0.50,0.00,0.56,0.22,MIT
147,COFI_YEAST,0.44,0.42,0.60,0.21,0.50,0.00,0.57,0.22,CYT
148,COQ1_YEAST,0.52,0.51,0.51,0.54,0.50,0.00,0.55,0.27,MIT
149,COQ2_YEAST,0.63,0.56,0.45,0.58,0.50,0.00,0.51,0.22,MIT
150,COQ3_YEAST,0.52,0.56,0.54,0.53,0.50,0.00,0.45,0.22,MIT
151,UCR1_YEAST,0.58,0.58,0.58,0.49,0.50,0.00,0.49,0.26,MIT
152,COX1_YEAST,0.72,0.61,0.37,0.30,0.50,0.00,0.57,0.22,MIT
153,COXX_YEAST,0.46,0.43,0.38,0.33,0.50,0.00,0.48,0.28,MIT
154,COXG_YEAST,0.42,0.31,0.62,0.12,0.50,0.00,0.40,0.22,MIT
155,YEX1_YEAST,0.42,0.58,0.41,0.65,0.50,0.00,0.46,0.26,MIT
156,COXA_YEAST,0.49,0.60,0.43,0.56,0.50,0.00,0.36,0.22,MIT
157,COXB_YEAST,0.50,0.41,0.44,0.50,0.50,0.00,0.42,0.22,MIT
158,COX6_YEAST,0.50,0.40,0.56,0.70,0.50,0.00,0.50,0.22,MIT
159,COX7_YEAST,0.37,0.58,0.44,0.51,0.50,0.00,0.44,0.22,MIT
160,COX8_YEAST,0.55,0.45,0.45,0.54,0.50,0.00,0.50,0.22,MIT
161,COX9_YEAST,0.67,0.68,0.46,0.29,0.50,0.00,0.46,0.22,MIT
162,CARA_YEAST,0.53,0.51,0.46,0.28,0.50,0.00,0.48,0.22,CYT
163,CARB_YEAST,0.35,0.66,0.49,0.21,0.50,0.00,0.54,0.25,CYT
164,CYPB_YEAST,0.77,0.79,0.58,0.23,0.50,0.00,0.48,0.22,EXC
165,CYPD_YEAST,0.78,0.74,0.58,0.25,1.00,0.00,0.53,0.22,ERL
166,CBPS_YEAST,0.70,0.65,0.54,0.28,0.50,0.00,0.60,0.40,VAC
167,R141_YEAST,0.57,0.41,0.59,0.24,0.50,0.00,0.40,0.22,CYT
168,R142_YEAST,0.56,0.41,0.58,0.21,0.50,0.00,0.42,0.22,CYT
169,CSE2_YEAST,0.53,0.38,0.66,0.25,0.50,0.00,0.43,0.22,NUC
170,YKE9_YEAST,0.34,0.36,0.54,0.11,0.50,0.00,0.36,0.21,NUC
171,CSG2_YEAST,0.69,0.61,0.38,0.27,0.50,0.00,0.52,0.22,ME2
172,CATA_YEAST,0.37,0.53,0.60,0.19,0.50,0.50,0.42,0.22,POX
173,CB33_YEAST,0.41,0.45,0.53,0.17,0.50,0.00,0.51,0.25,NUC
174,CTK1_YEAST,0.31,0.46,0.54,0.52,0.50,0.00,0.50,0.34,NUC
175,CTR1_YEAST,0.36,0.37,0.33,0.14,0.50,0.00,0.57,0.31,ME3
176,CHI2_YEAST,0.82,0.75,0.54,0.23,0.50,0.00,0.46,0.22,EXC
177,CATT_YEAST,0.41,0.51,0.58,0.15,0.50,0.00,0.45,0.27,CYT
178,MTC_YEAST,0.38,0.51,0.75,0.17,0.50,0.00,0.55,0.22,CYT
179,MTC_YEAST,0.38,0.51,0.75,0.17,0.50,0.00,0.55,0.22,CYT
180,CYC1_YEAST,0.46,0.54,0.71,0.15,0.50,0.00,0.59,0.22,MIT
181,CYC2_YEAST,0.40,0.56,0.48,0.14,0.50,0.00,0.47,0.22,MIT
182,CCHL_YEAST,0.53,0.53,0.60,0.13,0.50,0.00,0.49,0.22,MIT
183,CYC7_YEAST,0.42,0.57,0.72,0.22,0.50,0.00,0.57,0.22,MIT
184,RL2A_YEAST,0.45,0.27,0.57,0.36,0.50,0.00,0.52,0.18,CYT
185,CYAA_YEAST,0.20,0.26,0.52,0.14,0.50,0.00,0.53,0.44,CYT
186,CYS3_YEAST,0.51,0.53,0.55,0.14,0.50,0.00,0.51,0.22,CYT
187,CYT2_YEAST,0.27,0.39,0.66,0.11,0.50,0.00,0.44,0.22,MIT
188,DAL4_YEAST,0.55,0.42,0.34,0.30,0.50,0.00,0.52,0.22,ME3
189,DAL5_YEAST,0.34,0.42,0.30,0.23,0.50,0.00,0.53,0.22,ME3
190,MASZ_YEAST,0.44,0.53,0.52,0.23,0.50,0.83,0.51,0.22,POX
191,DA81_YEAST,0.39,0.28,0.46,0.12,0.50,0.00,0.41,0.22,NUC
192,DA82_YEAST,0.56,0.43,0.54,0.16,0.50,0.00,0.50,0.22,NUC
193,DBF4_YEAST,0.35,0.40,0.59,0.22,0.50,0.00,0.47,0.37,NUC
194,DBP1_YEAST,0.42,0.32,0.50,0.21,0.50,0.00,0.51,0.22,NUC
195,DBR1_YEAST,0.55,0.54,0.56,0.22,0.50,0.00,0.50,0.37,NUC
196,DED1_YEAST,0.36,0.24,0.49,0.16,0.50,0.00,0.51,0.22,NUC
197,DYR_YEAST,0.80,0.46,0.50,0.15,0.50,0.00,0.53,0.22,CYT
198,DYHC_YEAST,0.60,0.56,0.47,0.20,0.50,0.00,0.50,0.38,NUC
199,DHH1_YEAST,0.41,0.24,0.54,0.26,0.50,0.00,0.41,0.22,NUC
200,DPB2_YEAST,0.50,0.51,0.52,0.09,0.50,0.00,0.48,0.25,NUC
201,DPM1_YEAST,0.54,0.42,0.41,0.16,0.50,0.00,0.52,0.22,ME2
202,SYDC_YEAST,0.46,0.35,0.53,0.16,0.50,0.00,0.51,0.29,CYT
203,DRS1_YEAST,0.46,0.43,0.49,0.79,0.50,0.00,0.49,0.63,NUC
204,TFS2_YEAST,0.61,0.30,0.59,0.12,0.50,0.00,0.49,0.27,NUC
205,DUN1_YEAST,0.37,0.53,0.46,0.23,0.50,0.00,0.47,0.22,NUC
206,DUR3_YEAST,0.83,0.58,0.33,0.04,0.50,0.00,0.53,0.22,ME2
207,EF1B_YEAST,0.39,0.45,0.53,0.18,0.50,0.00,0.54,0.22,CYT
208,EF2_YEAST,0.52,0.54,0.50,0.21,0.50,0.00,0.48,0.30,CYT
209,ATN2_YEAST,0.36,0.49,0.30,0.22,0.50,0.00,0.52,0.31,ME3
210,END2_YEAST,0.78,0.70,0.32,0.23,0.50,0.00,0.53,0.22,ME1
211,ENO2_YEAST,0.45,0.56,0.53,0.32,0.50,0.00,0.57,0.22,CYT
212,EPT1_YEAST,0.29,0.43,0.40,0.15,0.50,0.00,0.53,0.22,ME3
213,ERD1_YEAST,0.52,0.75,0.37,0.14,0.50,0.00,0.46,0.22,ME3
214,ERG1_YEAST,0.58,0.60,0.43,0.12,0.50,0.00,0.55,0.22,ME3
215,THIL_YEAST,0.54,0.65,0.49,0.34,0.50,0.00,0.52,0.22,CYT
216,CP51_YEAST,0.57,0.59,0.44,0.16,0.50,0.00,0.52,0.22,ME2
217,KIME_YEAST,0.59,0.58,0.46,0.19,0.50,0.00,0.56,0.27,CYT
218,ERG2_YEAST,0.92,0.61,0.40,0.22,0.50,0.00,0.54,0.22,ME2
219,FPPS_YEAST,0.55,0.56,0.45,0.14,0.50,0.00,0.54,0.22,CYT
220,ER24_YEAST,0.63,0.61,0.41,0.22,0.50,0.00,0.51,0.22,ME3
221,ERG6_YEAST,0.32,0.47,0.55,0.12,0.50,0.00,0.52,0.22,CYT
222,ERG7_YEAST,0.34,0.38,0.45,0.19,0.50,0.00,0.51,0.22,ME2
223,ERG8_YEAST,0.62,0.58,0.46,0.13,0.50,0.00,0.53,0.22,CYT
224,FDFT_YEAST,0.53,0.68,0.42,0.19,0.50,0.00,0.53,0.22,ME3
225,ERS1_YEAST,0.73,0.55,0.41,0.16,0.50,0.00,0.46,0.22,ME2
226,ESP1_YEAST,0.55,0.46,0.46,0.31,0.50,0.00,0.58,0.48,NUC
227,EXG1_YEAST,0.77,0.87,0.47,0.37,0.50,0.00,0.48,0.22,EXC
228,LCF2_YEAST,0.35,0.46,0.49,0.15,1.00,0.00,0.55,0.35,CYT
229,FAS1_YEAST,0.57,0.61,0.45,0.26,0.50,0.00,0.50,0.22,CYT
230,FAS2_YEAST,0.63,0.62,0.42,0.12,0.50,0.00,0.52,0.25,CYT
231,COAC_YEAST,0.25,0.40,0.51,0.18,0.50,0.00,0.50,0.27,CYT
232,ALF_YEAST,0.56,0.62,0.53,0.24,0.50,0.00,0.57,0.22,CYT
233,F26_YEAST,0.71,0.59,0.53,0.15,0.50,0.00,0.49,0.33,CYT
234,FET3_YEAST,0.54,0.55,0.42,0.22,0.50,0.00,0.48,0.22,ME3
235,FHL1_YEAST,0.33,0.44,0.49,0.08,0.50,0.00,0.48,0.49,NUC
236,FLO1_YEAST,0.81,0.82,0.41,0.36,0.50,0.00,0.39,0.22,EXC
237,THIK_YEAST,0.46,0.48,0.44,0.21,0.50,0.00,0.55,0.22,POX
238,FKBP_YEAST,0.35,0.36,0.57,0.17,0.50,0.00,0.52,0.22,CYT
239,FKB3_YEAST,0.54,0.57,0.52,0.19,0.50,0.00,0.59,0.67,NUC
240,FPS1_YEAST,0.42,0.52,0.40,0.17,0.50,0.00,0.50,0.26,ME3
241,FRE1_YEAST,0.91,0.77,0.34,0.47,0.50,0.00,0.52,0.31,ME1
242,YKW0_YEAST,0.81,0.90,0.39,0.41,0.50,0.00,0.53,0.22,ME2
243,SYFA_YEAST,0.45,0.40,0.56,0.14,0.50,0.00,0.54,0.22,CYT
244,SYFB_YEAST,0.47,0.47,0.58,0.16,0.50,0.00,0.49,0.28,CYT
245,FUMH_YEAST,0.41,0.39,0.51,0.52,0.50,0.00,0.49,0.22,CYT
246,FU34_YEAST,0.37,0.34,0.32,0.22,0.50,0.00,0.56,0.22,ME3
247,FUS1_YEAST,0.84,0.66,0.36,0.78,0.50,0.00,0.49,0.50,ME1
248,FUS3_YEAST,0.51,0.58,0.54,0.29,0.50,0.00,0.53,0.22,CYT
249,FZF1_YEAST,0.37,0.43,0.62,0.27,0.50,0.00,0.48,0.22,NUC
250,GAC1_YEAST,0.55,0.66,0.57,0.32,0.50,0.00,0.57,0.34,CYT
251,GALX_YEAST,0.62,0.58,0.52,0.15,0.50,0.00,0.52,0.29,CYT
252,GALY_YEAST,0.56,0.59,0.53,0.16,0.50,0.00,0.24,0.42,NUC
253,GAL2_YEAST,0.44,0.51,0.37,0.15,0.50,0.00,0.51,0.22,ME3
254,GAL4_YEAST,0.44,0.44,0.49,0.15,0.50,0.00,0.46,0.27,NUC
255,GAL7_YEAST,0.50,0.50,0.48,0.17,0.50,0.00,0.47,0.26,CYT
256,GAL8_YEAST,0.60,0.60,0.49,0.30,0.50,0.00,0.53,0.22,NUC
257,GAP1_YEAST,0.49,0.46,0.34,0.21,0.50,0.00,0.55,0.22,ME3
258,GAR1_YEAST,0.35,0.68,0.57,0.40,0.50,0.00,0.53,0.36,NUC
259,GAS1_YEAST,0.70,0.69,0.43,0.33,0.50,0.00,0.58,0.22,ME1
260,GBP2_YEAST,0.23,0.30,0.58,0.22,0.50,0.00,0.48,0.27,NUC
261,E2BG_YEAST,0.45,0.42,0.52,0.20,0.50,0.00,0.50,0.25,CYT
262,IF2G_YEAST,0.51,0.35,0.46,0.15,0.50,0.00,0.51,0.42,CYT
263,E2BD_YEAST,0.42,0.39,0.47,0.13,0.50,0.00,0.50,0.27,CYT
264,E2BE_YEAST,0.32,0.38,0.52,0.20,0.50,0.00,0.52,0.28,CYT
265,E2BB_YEAST,0.59,0.65,0.52,0.30,0.50,0.00,0.46,0.31,CYT
266,GCN2_YEAST,0.37,0.33,0.50,0.12,0.50,0.00,0.51,0.54,CYT
267,E2BA_YEAST,0.45,0.56,0.49,0.17,0.50,0.00,0.52,0.22,CYT
268,GCN4_YEAST,0.56,0.54,0.59,0.14,0.50,0.00,0.52,0.27,NUC
269,GCN5_YEAST,0.31,0.31,0.54,0.18,0.50,0.00,0.52,0.29,NUC
270,GCR1_YEAST,0.27,0.51,0.47,0.35,0.50,0.00,0.49,0.28,NUC
271,GCR2_YEAST,0.54,0.56,0.57,0.18,0.50,0.00,0.45,0.25,NUC
272,GCR3_YEAST,0.17,0.38,0.45,0.09,0.50,0.00,0.54,0.27,NUC
273,GDA1_YEAST,0.91,0.69,0.57,0.45,0.50,0.00,0.56,0.22,ME2
274,DHE2_YEAST,0.59,0.43,0.52,0.19,0.50,0.00,0.55,0.27,CYT
275,GDI1_YEAST,0.64,0.53,0.45,0.13,0.50,0.00,0.53,0.22,CYT
276,GFA1_YEAST,0.52,0.51,0.51,0.12,0.50,0.00,0.51,0.40,CYT
277,PP12_YEAST,0.49,0.47,0.52,0.16,0.50,0.00,0.53,0.28,CYT
278,HXKG_YEAST,0.48,0.39,0.49,0.18,0.50,0.00,0.51,0.22,CYT
279,SYQ_YEAST,0.49,0.42,0.54,0.17,0.50,0.00,0.50,0.36,CYT
280,GLO3_YEAST,0.34,0.66,0.51,0.16,0.50,0.00,0.47,0.33,NUC
281,GLS1_YEAST,0.20,0.34,0.33,0.10,0.50,0.00,0.48,0.31,ME3
282,6PGD_YEAST,0.74,0.53,0.50,0.08,0.50,0.00,0.55,0.31,CYT
283,GOG5_YEAST,0.69,0.48,0.38,0.15,0.50,0.00,0.55,0.22,ME2
284,GBA1_YEAST,0.30,0.50,0.47,0.11,0.50,0.00,0.46,0.22,CYT
285,PHSG_YEAST,0.31,0.45,0.50,0.17,0.50,0.00,0.49,0.22,CYT
286,PMGY_YEAST,0.55,0.41,0.56,0.21,0.50,0.00,0.52,0.22,CYT
287,PHO2_YEAST,0.40,0.34,0.52,0.17,0.50,0.00,0.47,0.51,NUC
288,SYG_YEAST,0.40,0.48,0.50,0.17,0.50,0.00,0.54,0.50,CYT
289,GSP1_YEAST,0.58,0.48,0.56,0.10,0.50,0.00,0.46,0.25,NUC
290,GSP2_YEAST,0.58,0.48,0.56,0.12,0.50,0.00,0.46,0.25,NUC
291,UGS1_YEAST,0.58,0.45,0.48,0.24,0.50,0.00,0.52,0.37,CYT
292,UGS2_YEAST,0.58,0.41,0.51,0.26,0.50,0.00,0.51,0.37,CYT
293,GTS1_YEAST,0.41,0.60,0.53,0.29,0.50,0.00,0.47,0.43,NUC
294,GPDM_YEAST,0.69,0.50,0.49,0.42,0.50,0.00,0.49,0.22,MIT
295,HAL1_YEAST,0.38,0.49,0.61,0.13,0.50,0.00,0.54,0.22,CYT
296,HAP2_YEAST,0.47,0.49,0.63,0.17,0.50,0.00,0.31,0.26,NUC
297,HAP3_YEAST,0.28,0.51,0.55,0.11,0.50,0.00,0.46,0.22,NUC
298,HAP4_YEAST,0.56,0.57,0.63,0.39,1.00,0.00,0.59,0.40,NUC
299,HBS1_YEAST,0.21,0.38,0.49,0.16,0.50,0.00,0.51,0.45,CYT
300,HCM1_YEAST,0.46,0.57,0.57,0.15,0.50,0.00,0.52,0.26,NUC
301,HEM1_YEAST,0.57,0.59,0.50,0.58,0.50,0.00,0.53,0.22,MIT
302,DCUP_YEAST,0.48,0.34,0.47,0.14,0.50,0.00,0.47,0.26,CYT
303,HEM6_YEAST,0.35,0.40,0.53,0.18,0.50,0.00,0.42,0.38,CYT
304,HEMZ_YEAST,0.47,0.45,0.53,0.62,0.50,0.00,0.46,0.22,MIT
305,HEM2_YEAST,0.53,0.43,0.47,0.15,0.50,0.00,0.58,0.22,CYT
306,HEM3_YEAST,0.46,0.45,0.56,0.16,0.50,0.00,0.56,0.22,CYT
307,HEX2_YEAST,0.44,0.42,0.62,0.14,0.50,0.00,0.55,0.37,NUC
308,H4_YEAST,0.37,0.34,0.58,0.24,0.50,0.00,0.44,0.18,NUC
309,H3_YEAST,0.39,0.39,0.55,0.52,0.50,0.00,0.37,0.16,NUC
310,H3_YEAST,0.39,0.39,0.55,0.52,0.50,0.00,0.37,0.16,NUC
311,HIP1_YEAST,0.48,0.46,0.38,0.29,0.50,0.00,0.53,0.22,ME3
312,HIR1_YEAST,0.48,0.57,0.50,0.09,0.50,0.00,0.52,0.42,NUC
313,HIR2_YEAST,0.61,0.57,0.45,0.21,0.50,0.00,0.50,0.42,NUC
314,HIS7_YEAST,0.56,0.44,0.56,0.19,0.50,0.00,0.54,0.22,CYT
315,HMD1_YEAST,0.51,0.63,0.30,0.35,0.50,0.00,0.53,0.27,ME3
316,HMD2_YEAST,0.53,0.68,0.34,0.42,0.50,0.00,0.54,0.27,ME3
317,MAT1_YEAST,0.37,0.22,0.64,0.35,0.50,0.00,0.47,0.22,NUC
318,MTA1_YEAST,0.49,0.37,0.59,0.17,0.50,0.00,0.51,0.22,NUC
319,MAT2_YEAST,0.51,0.48,0.58,0.22,0.50,0.00,0.50,0.28,NUC
320,HOP1_YEAST,0.29,0.68,0.47,0.26,0.50,0.00,0.47,0.37,NUC
321,HXTY_YEAST,0.33,0.28,0.31,0.24,0.50,0.00,0.53,0.22,ME3
322,YJ64_YEAST,0.85,0.85,0.30,0.31,0.50,0.00,0.55,0.42,ME1
323,HR25_YEAST,0.43,0.39,0.51,0.28,0.50,0.00,0.40,0.22,NUC
324,HSF_YEAST,0.34,0.35,0.61,0.19,0.50,0.00,0.52,0.25,NUC
325,HS26_YEAST,0.44,0.41,0.58,0.20,0.50,0.00,0.57,0.25,CYT
326,HS30_YEAST,0.37,0.62,0.34,0.25,0.50,0.00,0.51,0.22,ME3
327,HS60_YEAST,0.45,0.56,0.51,0.64,0.50,0.00,0.54,0.22,MIT
328,HS82_YEAST,0.61,0.54,0.49,0.19,0.50,0.00,0.54,0.47,CYT
329,H2B1_YEAST,0.32,0.34,0.61,0.17,0.50,0.00,0.52,0.32,NUC
330,H2B2_YEAST,0.34,0.34,0.61,0.18,0.50,0.00,0.52,0.32,NUC
331,SYH_YEAST,0.51,0.68,0.49,0.59,0.50,0.00,0.54,0.27,MIT
332,HXKA_YEAST,0.41,0.30,0.49,0.28,0.50,0.00,0.54,0.22,CYT
333,HXKB_YEAST,0.41,0.43,0.50,0.28,0.50,0.00,0.50,0.22,CYT
334,HXT1_YEAST,0.30,0.50,0.34,0.26,0.50,0.00,0.51,0.22,ME3
335,HXT4_YEAST,0.43,0.44,0.30,0.18,0.50,0.00,0.51,0.22,ME3
336,HXT5_YEAST,0.43,0.45,0.37,0.12,0.50,0.00,0.48,0.22,ME3
337,HXT6_YEAST,0.45,0.57,0.30,0.17,0.50,0.00,0.51,0.22,ME3
338,HXT7_YEAST,0.45,0.57,0.30,0.17,0.50,0.00,0.51,0.22,ME3
339,HXT8_YEAST,0.42,0.44,0.33,0.17,0.50,0.00,0.54,0.27,ME3
340,ACEA_YEAST,0.52,0.50,0.53,0.10,0.50,0.00,0.48,0.22,POX
341,IDH1_YEAST,0.53,0.56,0.49,0.46,0.50,0.00,0.52,0.22,MIT
342,IDH2_YEAST,0.45,0.54,0.54,0.62,0.50,0.00,0.53,0.22,MIT
343,IPPI_YEAST,0.51,0.43,0.63,0.18,0.50,0.00,0.52,0.22,CYT
344,IDHP_YEAST,0.51,0.52,0.48,0.50,0.50,0.00,0.51,0.22,MIT
345,THDH_YEAST,0.50,0.53,0.45,0.44,0.50,0.00,0.49,0.22,MIT
346,IME1_YEAST,0.54,0.45,0.62,0.13,0.50,0.00,0.52,0.26,NUC
347,IMP1_YEAST,0.67,0.51,0.53,0.28,0.50,0.00,0.51,0.22,MIT
348,IMP2_YEAST,0.35,0.49,0.47,0.22,0.50,0.00,0.50,0.28,MIT
349,IATP_YEAST,0.47,0.63,0.66,0.45,0.50,0.00,0.37,0.11,MIT
350,INO1_YEAST,0.51,0.34,0.43,0.18,0.50,0.00,0.48,0.25,CYT
351,INO4_YEAST,0.45,0.38,0.59,0.18,0.50,0.00,0.44,0.45,NUC
352,IPYR_YEAST,0.43,0.51,0.60,0.25,0.50,0.00,0.55,0.22,CYT
353,IRA1_YEAST,0.47,0.59,0.43,0.13,0.50,0.00,0.56,0.30,ME3
354,IRA2_YEAST,0.40,0.45,0.42,0.17,0.50,0.00,0.54,0.26,ME3
355,IS42_YEAST,0.58,0.55,0.52,0.22,0.50,0.00,0.44,0.22,MIT
356,ITR1_YEAST,0.49,0.41,0.32,0.21,0.50,0.00,0.50,0.32,ME3
357,ITR2_YEAST,0.35,0.53,0.35,0.33,0.50,0.00,0.50,0.32,ME3
358,YJ12_YEAST,0.50,0.46,0.42,0.32,0.50,0.00,0.56,0.55,ME3
359,YJ13_YEAST,0.68,0.50,0.43,0.27,0.50,0.00,0.61,0.22,ME2
360,YJ16_YEAST,0.50,0.45,0.49,0.30,0.50,0.00,0.47,0.40,NUC
361,ACOX_YEAST,0.46,0.41,0.50,0.44,0.50,0.00,0.53,0.22,MIT
362,YJ36_YEAST,0.32,0.36,0.34,0.19,0.50,0.00,0.55,0.26,ME3
363,YJ43_YEAST,0.40,0.51,0.42,0.13,0.50,0.00,0.45,0.25,ME3
364,YJ49_YEAST,0.70,0.73,0.37,0.37,0.50,0.00,0.48,0.31,ME1
365,YJ51_YEAST,0.81,0.76,0.32,0.37,0.50,0.00,0.51,0.22,ME2
366,JNM1_YEAST,0.42,0.25,0.60,0.14,0.50,0.00,0.45,0.22,CYT
367,KAR1_YEAST,0.23,0.34,0.41,0.28,0.50,0.00,0.50,0.27,NUC
368,GR78_YEAST,0.85,0.56,0.33,0.38,1.00,0.00,0.55,0.25,ERL
369,KEM1_YEAST,0.59,0.53,0.47,0.26,0.50,0.00,0.53,0.31,NUC
370,KEX1_YEAST,0.67,0.63,0.34,0.41,0.50,0.00,0.60,0.33,ME1
371,ODO2_YEAST,0.53,0.50,0.54,0.56,0.50,0.00,0.49,0.41,MIT
372,KHR1_YEAST,0.84,0.63,0.38,0.23,0.50,0.00,0.53,0.22,EXC
373,KHS1_YEAST,0.89,0.77,0.36,0.34,0.50,0.00,0.44,0.22,EXC
374,KIN1_YEAST,0.48,0.43,0.45,0.17,0.50,0.00,0.48,0.37,ME3
375,KIN2_YEAST,0.36,0.35,0.47,0.22,0.50,0.00,0.44,0.31,ME3
376,KI28_YEAST,0.57,0.49,0.48,0.16,0.50,0.00,0.51,0.22,NUC
377,KIP1_YEAST,0.43,0.52,0.53,0.52,1.00,0.00,0.49,0.22,CYT
378,KIP2_YEAST,0.38,0.49,0.54,1.00,0.50,0.00,0.50,0.27,CYT
379,SMI1_YEAST,0.43,0.32,0.56,0.27,0.50,0.00,0.47,0.27,NUC
380,KRE1_YEAST,0.84,0.87,0.45,0.54,0.50,0.00,0.28,0.22,ME1
381,KR11_YEAST,0.27,0.56,0.56,0.18,0.50,0.00,0.52,0.22,CYT
382,KRE2_YEAST,0.89,0.82,0.60,0.49,0.50,0.00,0.55,0.22,ME2
383,KRE9_YEAST,0.87,0.83,0.57,0.36,0.50,0.00,0.36,0.22,EXC
384,SYKC_YEAST,0.43,0.45,0.54,0.14,0.50,0.00,0.50,0.31,CYT
385,KTR2_YEAST,0.76,0.74,0.56,0.34,0.50,0.00,0.51,0.30,ME2
386,KTR4_YEAST,0.94,0.60,0.33,0.49,0.50,0.00,0.54,0.22,ME2
387,MSF1_YEAST,0.36,0.44,0.57,0.18,0.50,0.00,0.42,0.22,MIT
388,BLH1_YEAST,0.52,0.48,0.58,0.55,0.50,0.00,0.48,0.22,CYT
389,AMPL_YEAST,0.42,0.32,0.48,0.16,0.50,0.00,0.55,0.22,VAC
390,ODP2_YEAST,0.48,0.57,0.52,0.61,0.50,0.00,0.51,0.22,MIT
391,LEU2_YEAST,0.51,0.43,0.47,0.19,0.50,0.00,0.52,0.37,CYT
392,LEU1_YEAST,0.52,0.62,0.54,0.19,0.50,0.00,0.50,0.22,MIT
393,LIP5_YEAST,0.68,0.50,0.55,0.65,0.50,0.00,0.46,0.31,MIT
394,LOS1_YEAST,0.53,0.44,0.47,0.22,0.50,0.00,0.53,0.22,NUC
395,DLDH_YEAST,0.48,0.48,0.50,0.47,0.50,0.00,0.55,0.22,MIT
396,LYP1_YEAST,0.46,0.14,0.36,0.21,0.50,0.00,0.50,0.25,ME3
397,LYS1_YEAST,0.50,0.45,0.48,0.17,0.50,0.00,0.50,0.26,CYT
398,LY14_YEAST,0.44,0.53,0.43,0.17,0.50,0.00,0.54,0.75,NUC
399,MAC1_YEAST,0.52,0.49,0.57,0.57,0.50,0.00,0.51,0.22,NUC
400,MAD1_YEAST,0.62,0.64,0.56,0.20,0.50,0.00,0.48,0.33,NUC
401,MAG_YEAST,0.46,0.32,0.58,0.17,0.50,0.00,0.61,0.25,NUC
402,MK11_YEAST,0.78,0.48,0.47,0.30,0.50,0.00,0.53,0.47,ME2
403,MK16_YEAST,0.49,0.62,0.65,0.18,0.50,0.00,0.46,0.43,NUC
404,MAK3_YEAST,0.50,0.34,0.62,0.19,0.50,0.00,0.57,0.22,CYT
405,MA3T_YEAST,0.39,0.37,0.33,0.23,0.50,0.00,0.53,0.26,ME3
406,MA3S_YEAST,0.39,0.37,0.56,0.15,0.50,0.00,0.50,0.27,CYT
407,MA3R_YEAST,0.33,0.37,0.54,0.28,0.50,0.00,0.53,0.27,NUC
408,MA6T_YEAST,0.39,0.37,0.33,0.23,0.50,0.00,0.52,0.26,ME3
409,MA6R_YEAST,0.33,0.38,0.53,0.26,0.50,0.00,0.52,0.27,NUC
410,AMPM_YEAST,0.48,0.51,0.57,0.24,0.50,0.00,0.50,0.22,CYT
411,MPP2_YEAST,0.50,0.62,0.54,0.66,0.50,0.00,0.49,0.22,MIT
412,MPP1_YEAST,0.47,0.54,0.54,0.48,0.50,0.00,0.53,0.26,MIT
413,OM20_YEAST,0.72,0.58,0.42,0.28,0.50,0.00,0.48,0.22,MIT
414,MAS6_YEAST,0.41,0.41,0.51,0.19,0.50,0.00,0.57,0.22,MIT
415,OM70_YEAST,0.81,0.65,0.52,0.41,0.50,0.00,0.57,0.26,MIT
416,MBP1_YEAST,0.50,0.49,0.52,0.20,0.50,0.00,0.43,0.52,NUC
417,MCM2_YEAST,0.26,0.38,0.52,0.36,0.50,0.00,0.48,0.56,NUC
418,MCM3_YEAST,0.53,0.51,0.51,0.11,0.50,0.00,0.49,0.41,NUC
419,MDHC_YEAST,0.62,0.60,0.47,0.16,0.50,0.00,0.53,0.22,CYT
420,MDHP_YEAST,0.68,0.58,0.51,0.19,0.50,0.83,0.54,0.22,POX
421,MDJ1_YEAST,0.40,0.52,0.53,0.52,0.50,0.00,0.51,0.22,MIT
422,MDL2_YEAST,0.72,0.56,0.40,0.26,0.50,0.00,0.51,0.26,ME2
423,MDM1_YEAST,0.49,0.44,0.45,0.22,0.50,0.00,0.51,0.22,CYT
424,MD10_YEAST,0.32,0.47,0.55,0.25,0.50,0.00,0.49,0.22,MIT
425,MEIX_YEAST,0.70,0.53,0.42,0.22,0.50,0.00,0.51,0.28,NUC
426,AGAL_YEAST,0.68,0.68,0.49,0.15,0.50,0.00,0.53,0.22,EXC
427,MEP1_YEAST,0.47,0.60,0.35,0.21,0.50,0.00,0.52,0.22,ME3
428,MER1_YEAST,0.55,0.49,0.45,0.18,0.50,0.00,0.49,0.22,NUC
429,MER2_YEAST,0.40,0.53,0.61,0.21,0.50,0.00,0.48,0.33,NUC
430,SYMC_YEAST,0.57,0.44,0.42,0.20,0.50,0.00,0.54,0.22,CYT
431,MET2_YEAST,0.40,0.47,0.48,0.18,0.50,0.00,0.46,0.22,CYT
432,MT17_YEAST,0.34,0.54,0.54,0.13,0.50,0.00,0.52,0.22,CYT
433,MT28_YEAST,0.43,0.83,0.55,0.20,0.50,0.00,0.47,0.40,NUC
434,MET4_YEAST,0.55,0.65,0.50,0.28,0.50,0.00,0.55,0.22,NUC
435,MFA3_YEAST,0.80,0.81,0.55,0.35,0.50,0.00,0.42,0.22,EXC
436,MFA4_YEAST,0.79,0.74,0.49,0.33,0.50,0.00,0.48,0.22,EXC
437,GRPE_YEAST,0.45,0.48,0.63,0.67,0.50,0.00,0.48,0.22,MIT
438,MGM1_YEAST,0.66,0.52,0.52,0.44,0.50,0.00,0.56,0.27,MIT
439,M101_YEAST,0.50,0.49,0.59,0.47,0.50,0.00,0.49,0.36,MIT
440,MGMT_YEAST,0.54,0.52,0.54,0.20,0.50,0.00,0.55,0.25,NUC
441,MIF2_YEAST,0.37,0.31,0.53,0.16,0.50,0.00,0.53,0.44,NUC
442,MIG1_YEAST,0.43,0.39,0.59,0.13,0.50,0.00,0.41,0.43,NUC
443,DPOG_YEAST,0.48,0.47,0.54,0.55,0.50,0.00,0.51,0.65,MIT
444,MLH1_YEAST,0.66,0.54,0.49,0.16,0.50,0.00,0.54,0.36,NUC
445,MLP1_YEAST,0.46,0.55,0.61,0.13,0.50,0.00,0.47,0.22,CYT
446,MASY_YEAST,0.42,0.50,0.53,0.22,0.50,0.83,0.50,0.22,POX
447,MNN1_YEAST,0.66,0.66,0.32,0.54,0.50,0.00,0.51,0.22,ME2
448,MNN9_YEAST,0.74,0.56,0.35,0.36,0.50,0.00,0.51,0.25,ME2
449,MOD5_YEAST,0.67,0.51,0.54,0.21,0.50,0.00,0.43,0.30,MIT
450,MPI1_YEAST,0.40,0.68,0.50,0.82,0.50,0.00,0.44,0.36,MIT
451,RF1M_YEAST,0.60,0.62,0.54,0.40,0.50,0.00,0.50,0.22,MIT
452,RT13_YEAST,0.51,0.42,0.56,0.38,0.50,0.00,0.46,0.22,MIT
453,RT17_YEAST,0.41,0.54,0.58,0.20,0.50,0.00,0.52,0.22,MIT
454,RT04_YEAST,0.42,0.53,0.53,0.64,0.50,0.00,0.47,0.22,MIT
455,RM49_YEAST,0.50,0.46,0.64,0.36,0.50,0.00,0.49,0.22,MIT
456,RM02_YEAST,0.60,0.51,0.60,0.38,0.50,0.83,0.52,0.24,MIT
457,RM20_YEAST,0.41,0.52,0.53,0.41,0.50,0.00,0.39,0.33,MIT
458,RM25_YEAST,0.45,0.43,0.63,0.40,0.50,0.00,0.59,0.11,MIT
459,RM36_YEAST,0.64,0.64,0.56,0.21,0.50,0.00,0.50,0.22,MIT
460,RM38_YEAST,0.60,0.46,0.59,0.16,0.50,0.00,0.49,0.22,MIT
461,RM44_YEAST,0.53,0.52,0.61,0.35,0.50,0.00,0.50,0.22,MIT
462,RT28_YEAST,0.65,0.53,0.55,0.52,0.50,0.00,0.47,0.27,MIT
463,RT05_YEAST,0.38,0.54,0.54,0.41,0.50,0.00,0.51,0.22,MIT
464,RT09_YEAST,0.58,0.53,0.50,0.53,0.50,0.00,0.47,0.31,MIT
465,MRS2_YEAST,0.55,0.59,0.47,0.64,0.50,0.00,0.54,0.33,MIT
466,MRS3_YEAST,0.54,0.64,0.50,0.13,0.50,0.00,0.49,0.22,MIT
467,MRS4_YEAST,0.40,0.74,0.49,0.16,0.50,0.00,0.51,0.22,MIT
468,MSB2_YEAST,0.76,0.76,0.35,0.27,0.50,0.00,0.44,0.22,ME1
469,SYDM_YEAST,0.51,0.56,0.51,0.42,0.50,0.00,0.53,0.36,MIT
470,SYFM_YEAST,0.43,0.32,0.50,0.29,0.50,0.00,0.50,0.22,MIT
471,MSH1_YEAST,0.49,0.44,0.45,0.55,0.50,0.00,0.48,0.22,MIT
472,MSH2_YEAST,0.32,0.45,0.44,0.20,0.50,0.00,0.55,0.33,NUC
473,MSH3_YEAST,0.51,0.60,0.51,0.26,0.50,0.00,0.54,0.22,NUC
474,MSH4_YEAST,0.49,0.46,0.42,0.46,0.50,0.00,0.55,0.22,NUC
475,SYKM_YEAST,0.50,0.56,0.49,0.61,0.50,0.00,0.50,0.22,MIT
476,SYMM_YEAST,0.51,0.48,0.51,0.43,0.50,0.00,0.49,0.22,MIT
477,MSN2_YEAST,0.53,0.40,0.57,0.12,0.50,0.00,0.53,0.32,NUC
478,MSN4_YEAST,0.51,0.56,0.62,0.24,0.50,0.00,0.52,0.51,NUC
479,MSP1_YEAST,0.63,0.60,0.50,0.27,0.50,0.00,0.55,0.22,MIT
480,SYR_YEAST,0.46,0.44,0.53,0.31,0.50,0.00,0.48,0.22,MIT
481,MSS1_YEAST,0.58,0.57,0.54,0.69,0.50,0.00,0.54,0.22,MIT
482,MS18_YEAST,0.63,0.47,0.56,0.12,0.50,0.00,0.50,0.22,MIT
483,MS51_YEAST,0.55,0.53,0.54,0.40,0.50,0.00,0.48,0.22,MIT
484,SYWM_YEAST,0.44,0.53,0.53,0.37,0.50,0.00,0.51,0.22,MIT
485,MTD1_YEAST,0.57,0.40,0.48,0.24,0.50,0.00,0.55,0.22,CYT
486,MTF1_YEAST,0.46,0.46,0.56,0.12,0.50,0.00,0.55,0.22,MIT
487,RU1A_YEAST,0.47,0.46,0.55,0.28,0.50,0.00,0.44,0.46,NUC
488,YKH4_YEAST,0.39,0.35,0.49,0.17,0.50,0.00,0.49,0.22,NUC
489,MYS1_YEAST,0.58,0.38,0.40,0.21,0.50,0.00,0.50,0.22,CYT
490,MYS2_YEAST,0.53,0.41,0.50,0.24,1.00,0.00,0.47,0.22,CYT
491,MYS4_YEAST,0.43,0.40,0.50,0.18,0.50,0.00,0.50,0.28,CYT
492,YN19_YEAST,0.41,0.59,0.46,0.19,0.50,0.00,0.36,0.22,EXC
493,YN46_YEAST,0.58,0.56,0.52,0.25,0.50,0.00,0.57,0.35,NUC
494,YN70_YEAST,0.51,0.65,0.53,0.19,0.50,0.00,0.49,0.22,EXC
495,YN94_YEAST,0.81,0.79,0.32,0.37,0.50,0.00,0.41,0.22,ME1
496,YNE2_YEAST,0.44,0.41,0.29,0.21,0.50,0.00,0.49,0.22,ME3
497,NAB1_YEAST,0.49,0.60,0.55,0.17,0.50,0.00,0.44,0.22,CYT
498,NAB2_YEAST,0.56,0.63,0.52,0.20,0.50,0.00,0.34,0.26,NUC
499,NAB3_YEAST,0.42,0.28,0.57,0.18,0.50,0.00,0.42,0.22,NUC
500,NAM1_YEAST,0.51,0.46,0.54,0.41,0.50,0.00,0.53,0.22,MIT
501,SYLM_YEAST,0.60,0.51,0.52,0.45,0.50,0.00,0.50,0.27,MIT
502,NAM7_YEAST,0.37,0.41,0.45,0.14,0.50,0.00,0.47,0.22,CYT
503,NAM9_YEAST,0.37,0.51,0.57,0.40,0.50,0.00,0.48,0.27,MIT
504,NAP1_YEAST,0.36,0.39,0.55,0.26,0.50,0.00,0.49,0.22,NUC
505,NAT1_YEAST,0.50,0.36,0.53,0.41,0.50,0.00,0.55,0.36,CYT
506,NCPR_YEAST,0.78,0.63,0.53,0.13,0.50,0.00,0.54,0.22,ME2
507,NDC1_YEAST,0.47,0.59,0.37,0.31,0.50,0.00,0.51,0.36,NUC
508,NDI1_YEAST,0.53,0.61,0.51,0.49,0.50,0.00,0.54,0.27,MIT
509,NFS1_YEAST,0.48,0.54,0.53,0.60,0.50,0.00,0.53,0.31,NUC
510,NHP2_YEAST,0.36,0.44,0.51,0.17,0.50,0.00,0.60,0.19,NUC
511,NHPA_YEAST,0.39,0.34,0.68,0.30,0.50,0.00,0.50,0.29,NUC
512,NHPB_YEAST,0.11,0.41,0.67,0.13,0.50,0.00,0.45,0.29,NUC
513,NI96_YEAST,0.40,0.53,0.44,0.18,0.50,0.00,0.54,0.31,NUC
514,NIP1_YEAST,0.35,0.50,0.44,0.27,0.50,0.00,0.51,0.22,CYT
515,NMD2_YEAST,0.36,0.30,0.50,0.19,0.50,0.00,0.55,0.30,NUC
516,NMT_YEAST,0.49,0.44,0.51,0.18,0.50,0.00,0.52,0.27,CYT
517,FBRL_YEAST,0.35,0.44,0.54,0.26,0.50,0.00,0.52,0.26,NUC
518,NOP2_YEAST,0.43,0.28,0.53,0.34,0.50,0.00,0.55,0.57,NUC
519,NOP4_YEAST,0.33,0.48,0.55,0.16,0.50,0.00,0.53,0.75,NUC
520,NOT3_YEAST,0.45,0.21,0.49,0.24,0.50,0.00,0.46,0.31,NUC
521,NSP1_YEAST,0.87,0.47,0.60,0.47,0.50,0.00,0.59,0.22,NUC
522,TREA_YEAST,0.29,0.34,0.55,0.24,0.50,0.00,0.51,0.22,CYT
523,NUC1_YEAST,0.75,0.67,0.51,0.29,0.50,0.00,0.52,0.36,MIT
524,RNC1_YEAST,0.47,0.47,0.50,0.15,0.50,0.00,0.50,0.48,NUC
525,NUF1_YEAST,0.51,0.34,0.49,0.16,0.50,0.00,0.53,0.21,NUC
526,NUF2_YEAST,0.64,0.76,0.51,0.18,0.50,0.00,0.46,0.22,NUC
527,N100_YEAST,0.90,0.54,0.59,0.20,0.50,0.00,0.48,0.22,NUC
528,YK62_YEAST,0.70,0.51,0.47,0.24,0.50,0.00,0.53,0.25,NUC
529,NU49_YEAST,0.69,0.62,0.49,0.00,1.00,0.00,0.47,0.22,NUC
530,ACO1_YEAST,0.43,0.38,0.38,0.12,0.50,0.00,0.50,0.22,ME2
531,ATP9_YEAST,0.78,0.65,0.40,0.16,0.50,0.00,0.63,0.22,MIT
532,OM45_YEAST,0.75,0.66,0.64,0.39,0.50,0.00,0.46,0.32,MIT
533,PORI_YEAST,0.41,0.49,0.58,0.22,0.50,0.00,0.52,0.22,MIT
534,OPI1_YEAST,0.58,0.51,0.56,0.16,0.50,0.00,0.34,0.22,NUC
535,PEM2_YEAST,0.48,0.49,0.45,0.23,0.50,0.00,0.51,0.22,ME3
536,ORC2_YEAST,0.39,0.42,0.49,0.10,0.50,0.00,0.49,0.65,NUC
537,YHR8_YEAST,0.31,0.42,0.48,0.17,0.50,0.00,0.49,0.53,NUC
538,YM38_YEAST,0.39,0.28,0.54,0.14,0.50,0.00,0.59,0.22,MIT
539,YINO_YEAST,0.76,0.67,0.37,0.22,0.50,0.00,0.54,0.22,ME2
540,PABP_YEAST,0.28,0.48,0.56,0.16,0.50,0.00,0.48,0.26,CYT
541,PAP_YEAST,0.64,0.52,0.50,0.26,0.50,0.00,0.51,0.31,NUC
542,PAS1_YEAST,0.56,0.48,0.50,0.30,0.50,0.00,0.51,0.22,CYT
543,PTSR_YEAST,0.50,0.50,0.54,0.16,0.50,0.00,0.49,0.22,POX
544,UBCX_YEAST,0.47,0.43,0.59,0.27,0.50,0.00,0.55,0.22,POX
545,PAS3_YEAST,0.68,0.59,0.44,0.49,0.50,0.00,0.40,0.26,POX
546,PAS7_YEAST,0.50,0.51,0.57,0.27,0.50,0.00,0.48,0.22,POX
547,ATC2_YEAST,0.53,0.51,0.36,0.13,0.50,0.00,0.52,0.22,ME3
548,DCP1_YEAST,0.49,0.45,0.53,0.16,0.50,0.00,0.49,0.31,CYT
549,PDC2_YEAST,0.51,0.46,0.57,0.25,0.50,0.00,0.53,0.22,CYT
550,DCP2_YEAST,0.49,0.45,0.46,0.18,0.50,0.00,0.49,0.31,CYT
551,CNA1_YEAST,0.55,0.59,0.52,0.10,0.50,0.00,0.53,0.22,CYT
552,CNA2_YEAST,0.39,0.58,0.50,0.10,0.50,0.00,0.51,0.25,CYT
553,PDI_YEAST,0.70,0.84,0.49,0.28,1.00,0.00,0.58,0.22,ERL
554,PDR1_YEAST,0.33,0.38,0.45,0.19,0.50,0.00,0.54,0.37,NUC
555,PDR3_YEAST,0.61,0.46,0.44,0.47,0.50,0.00,0.50,0.37,NUC
556,PDR5_YEAST,0.41,0.48,0.38,0.13,0.50,0.00,0.51,0.35,ME3
557,PDS1_YEAST,0.37,0.42,0.60,0.13,0.50,0.00,0.51,0.22,NUC
558,ODPX_YEAST,0.45,0.58,0.59,0.44,0.50,0.00,0.56,0.22,MIT
559,PEP1_YEAST,0.74,0.89,0.32,0.24,0.50,0.00,0.54,0.32,ME1
560,PE12_YEAST,0.28,0.46,0.26,0.18,0.50,0.00,0.39,0.22,VAC
561,PEP3_YEAST,0.51,0.46,0.49,0.21,0.50,0.00,0.55,0.22,VAC
562,CARP_YEAST,0.80,0.82,0.57,0.26,0.50,0.00,0.57,0.27,VAC
563,END1_YEAST,0.46,0.49,0.45,0.28,0.50,0.00,0.55,0.22,VAC
564,PEP8_YEAST,0.40,0.36,0.55,0.15,0.50,0.00,0.53,0.22,VAC
565,PES4_YEAST,0.67,0.46,0.58,0.30,0.50,0.00,0.57,0.27,NUC
566,PT11_YEAST,0.50,0.32,0.49,0.49,0.50,0.00,0.48,0.32,MIT
567,PT17_YEAST,0.75,0.60,0.43,0.35,0.50,0.00,0.45,0.27,MIT
568,PT22_YEAST,0.56,0.68,0.52,0.39,0.50,0.00,0.36,0.22,MIT
569,PT91_YEAST,0.59,0.45,0.58,0.21,0.50,0.00,0.49,0.22,MIT
570,PT94_YEAST,0.59,0.58,0.47,0.61,0.50,0.00,0.44,0.30,MIT
571,PT54_YEAST,0.50,0.57,0.62,0.25,0.50,0.00,0.51,0.22,MIT
572,6P2K_YEAST,0.45,0.41,0.49,0.14,1.00,0.00,0.53,0.30,CYT
573,PROF_YEAST,0.47,0.49,0.60,0.15,0.50,0.00,0.38,0.22,CYT
574,PGD1_YEAST,0.41,0.48,0.54,0.24,0.50,0.00,0.37,0.51,NUC
575,G6PI_YEAST,0.46,0.46,0.53,0.23,0.50,0.00,0.51,0.22,CYT
576,PGM1_YEAST,0.43,0.45,0.53,0.19,0.50,0.00,0.56,0.22,CYT
577,PGM2_YEAST,0.28,0.36,0.55,0.15,0.50,0.00,0.57,0.22,CYT
578,PHD1_YEAST,0.48,0.46,0.58,0.26,0.50,0.00,0.44,0.22,NUC
579,PPAB_YEAST,0.74,0.72,0.50,0.28,0.50,0.00,0.50,0.27,EXC
580,PPAC_YEAST,0.74,0.72,0.50,0.28,0.50,0.00,0.49,0.27,EXC
581,PPA3_YEAST,0.77,0.72,0.48,0.26,0.50,0.00,0.51,0.22,EXC
582,PHO4_YEAST,0.44,0.42,0.57,0.22,0.50,0.00,0.50,0.25,NUC
583,PPA5_YEAST,0.74,0.74,0.51,0.27,0.50,0.00,0.50,0.22,EXC
584,PPB_YEAST,0.39,0.81,0.35,0.28,0.50,0.00,0.51,0.45,ME3
585,PH80_YEAST,0.53,0.54,0.43,0.18,0.50,0.00,0.53,0.31,NUC
586,PH84_YEAST,0.38,0.45,0.37,0.19,0.50,0.00,0.52,0.30,ME3
587,PH85_YEAST,0.40,0.37,0.54,0.13,0.50,0.00,0.48,0.22,NUC
588,YCS7_YEAST,0.31,0.30,0.34,0.19,0.50,0.00,0.55,0.30,ME3
589,PHR_YEAST,0.50,0.42,0.57,0.49,0.50,0.00,0.48,0.27,NUC
590,PIF1_YEAST,0.59,0.61,0.51,0.62,0.50,0.00,0.51,0.38,MIT
591,LONM_YEAST,0.47,0.54,0.53,0.77,0.50,0.00,0.52,0.36,MIT
592,PIR1_YEAST,0.77,0.78,0.51,0.28,0.50,0.00,0.33,0.22,EXC
593,PIS_YEAST,0.47,0.61,0.50,0.23,0.50,0.00,0.49,0.22,ME3
594,ATC3_YEAST,0.40,0.39,0.33,0.17,0.50,0.00,0.51,0.31,VAC
595,MANA_YEAST,0.55,0.51,0.54,0.20,0.50,0.00,0.56,0.22,CYT
596,PMP2_YEAST,0.97,0.71,0.29,0.42,0.50,0.00,0.35,0.22,ME2
597,ATC1_YEAST,0.44,0.43,0.34,0.21,0.50,0.00,0.55,0.40,ME3
598,ATN1_YEAST,0.39,0.49,0.30,0.19,0.50,0.00,0.52,0.31,ME3
599,PMS1_YEAST,0.38,0.48,0.51,0.13,0.50,0.00,0.50,0.32,NUC
600,PMT1_YEAST,0.37,0.51,0.39,0.18,0.50,0.00,0.51,0.27,ME3
601,POB1_YEAST,0.49,0.48,0.52,0.20,0.50,0.00,0.55,0.22,NUC
602,DPOA_YEAST,0.36,0.39,0.54,0.16,0.50,0.00,0.50,0.28,NUC
603,DPO2_YEAST,0.54,0.53,0.48,0.14,0.50,0.00,0.49,0.33,NUC
604,DPOE_YEAST,0.37,0.48,0.50,0.26,0.50,0.00,0.52,0.39,NUC
605,DPOD_YEAST,0.25,0.39,0.50,0.23,0.50,0.00,0.50,0.28,NUC
606,PCNA_YEAST,0.49,0.71,0.54,0.13,0.50,0.00,0.58,0.22,NUC
607,DPO4_YEAST,0.56,0.50,0.56,0.26,0.50,0.00,0.53,0.27,NUC
608,P152_YEAST,0.41,0.53,0.41,0.15,0.50,0.00,0.54,0.25,NUC
609,POP2_YEAST,0.50,0.45,0.53,0.21,0.50,0.00,0.28,0.22,NUC
610,CAO_YEAST,0.46,0.37,0.48,0.36,0.50,0.00,0.48,0.22,POX
611,PPA1_YEAST,0.66,0.55,0.34,0.20,0.50,0.00,0.62,0.22,ME3
612,IPY2_YEAST,0.42,0.65,0.58,0.34,0.50,0.00,0.50,0.22,MIT
613,PPCK_YEAST,0.45,0.47,0.53,0.15,0.50,0.00,0.52,0.27,CYT
614,PPR1_YEAST,0.42,0.28,0.51,0.23,0.50,0.00,0.53,0.27,NUC
615,PRTD_YEAST,0.63,0.55,0.53,0.51,0.50,0.00,0.55,0.22,VAC
616,PRCE_YEAST,0.46,0.62,0.54,0.25,0.50,0.00,0.46,0.22,CYT
617,PRCH_YEAST,0.42,0.53,0.57,0.17,0.50,0.00,0.49,0.22,CYT
618,PRC2_YEAST,0.52,0.46,0.56,0.20,0.50,0.00,0.50,0.22,CYT
619,PRC6_YEAST,0.53,0.43,0.57,0.24,0.50,0.00,0.39,0.28,CYT
620,PRI1_YEAST,0.33,0.35,0.56,0.19,0.50,0.00,0.50,0.22,NUC
621,PRI2_YEAST,0.45,0.48,0.56,0.56,0.50,0.00,0.47,0.22,NUC
622,PR16_YEAST,0.56,0.59,0.54,0.18,0.50,0.00,0.48,0.46,NUC
623,PR18_YEAST,0.33,0.39,0.52,0.09,0.50,0.00,0.47,0.28,NUC
624,PR19_YEAST,0.48,0.41,0.54,0.39,0.50,0.00,0.51,0.22,NUC
625,PR21_YEAST,0.38,0.26,0.60,0.10,0.50,0.00,0.48,0.44,NUC
626,PR22_YEAST,0.68,0.39,0.50,0.15,0.50,0.00,0.48,0.37,NUC
627,PR28_YEAST,0.62,0.41,0.52,0.17,0.50,0.00,0.48,0.22,NUC
628,PR38_YEAST,0.52,0.37,0.48,0.13,0.50,0.00,0.55,0.22,NUC
629,PR06_YEAST,0.49,0.45,0.57,0.24,0.50,0.00,0.47,0.38,NUC
630,PR08_YEAST,0.40,0.28,0.48,0.06,0.50,0.00,0.49,0.42,NUC
631,PR09_YEAST,0.51,0.39,0.56,0.25,0.50,0.00,0.51,0.33,NUC
632,PRC5_YEAST,0.28,0.51,0.55,0.19,0.50,0.00,0.57,0.22,CYT
633,PRC3_YEAST,0.51,0.51,0.56,0.28,0.50,0.00,0.54,0.27,CYT
634,PRT1_YEAST,0.59,0.46,0.48,0.46,0.50,0.00,0.49,0.22,CYT
635,DPSD_YEAST,0.51,0.46,0.40,0.65,0.50,0.00,0.49,0.22,MIT
636,SNM1_YEAST,0.37,0.44,0.51,0.56,0.50,0.00,0.50,0.38,NUC
637,PTM1_YEAST,0.81,0.55,0.35,0.34,0.50,0.00,0.51,0.22,ME2
638,PTP1_YEAST,0.53,0.45,0.53,0.18,0.50,0.00,0.42,0.22,CYT
639,PUB1_YEAST,0.48,0.50,0.56,0.11,0.50,0.00,0.33,0.22,CYT
640,PRCZ_YEAST,0.48,0.48,0.56,0.18,0.50,0.00,0.58,0.22,CYT
641,PUT1_YEAST,0.60,0.59,0.47,0.47,0.50,0.00,0.53,0.22,MIT
642,PUT4_YEAST,0.58,0.53,0.33,0.26,0.50,0.00,0.51,0.22,ME3
643,PYC2_YEAST,0.43,0.46,0.50,0.21,0.50,0.00,0.49,0.34,CYT
644,KPYK_YEAST,0.61,0.55,0.51,0.26,0.50,0.00,0.52,0.22,CYT
645,UCRX_YEAST,0.50,0.62,0.52,0.30,0.50,0.00,0.56,0.22,MIT
646,UCR2_YEAST,0.49,0.45,0.54,0.40,0.50,0.00,0.55,0.22,MIT
647,UCR6_YEAST,0.64,0.53,0.59,0.14,0.50,0.00,0.53,0.22,MIT
648,UCRQ_YEAST,0.57,0.60,0.54,0.17,0.50,0.00,0.52,0.22,MIT
649,UCR8_YEAST,0.38,0.31,0.59,0.19,0.50,0.00,0.46,0.22,MIT
650,UCR9_YEAST,0.68,0.53,0.44,0.31,0.50,0.00,0.51,0.22,MIT
651,RAD1_YEAST,0.24,0.41,0.47,0.16,0.50,0.00,0.51,0.38,NUC
652,RA10_YEAST,0.61,0.39,0.53,0.14,0.50,0.00,0.43,0.26,NUC
653,RA16_YEAST,0.33,0.28,0.50,0.40,0.50,0.00,0.46,0.61,NUC
654,RAD2_YEAST,0.39,0.44,0.54,0.24,0.50,0.00,0.51,0.49,NUC
655,RAD3_YEAST,0.52,0.50,0.51,0.20,0.50,0.00,0.51,0.22,NUC
656,RAD4_YEAST,0.33,0.28,0.52,0.15,0.50,0.00,0.51,0.86,NUC
657,RAD5_YEAST,0.36,0.48,0.50,0.13,0.50,0.00,0.49,0.60,NUC
658,RA50_YEAST,0.45,0.54,0.49,0.29,0.50,0.00,0.49,0.25,NUC
659,RA51_YEAST,0.55,0.59,0.53,0.15,0.50,0.00,0.49,0.22,NUC
660,RA52_YEAST,0.31,0.39,0.55,0.28,0.50,0.00,0.46,0.31,NUC
661,RA55_YEAST,0.64,0.50,0.53,0.10,0.50,0.00,0.51,0.22,NUC
662,UBC2_YEAST,0.48,0.47,0.59,0.41,0.50,0.00,0.56,0.27,NUC
663,RAD7_YEAST,0.49,0.49,0.51,0.29,0.50,0.00,0.52,0.71,NUC
664,RAD9_YEAST,0.41,0.52,0.51,0.22,0.50,0.00,0.52,0.44,NUC
665,SRS2_YEAST,0.51,0.61,0.50,0.23,0.50,0.00,0.52,0.61,NUC
666,RAP1_YEAST,0.54,0.53,0.53,0.17,0.50,0.00,0.51,0.39,NUC
667,RAS2_YEAST,0.66,0.55,0.54,0.18,0.50,0.00,0.43,0.22,CYT
668,RCA1_YEAST,0.41,0.41,0.43,0.61,0.50,0.00,0.53,0.22,MIT
669,R102_YEAST,0.49,0.67,0.50,0.28,0.50,0.00,0.43,0.22,NUC
670,R114_YEAST,0.44,0.45,0.53,0.19,0.50,0.00,0.41,0.28,NUC
671,RED1_YEAST,0.57,0.55,0.52,0.16,0.50,0.00,0.49,0.39,NUC
672,DPOX_YEAST,0.32,0.49,0.53,0.28,0.50,0.00,0.50,0.50,NUC
673,RFA1_YEAST,0.35,0.42,0.56,0.28,0.50,0.00,0.47,0.22,NUC
674,RFA2_YEAST,0.46,0.41,0.58,0.10,0.50,0.00,0.48,0.22,NUC
675,RFA3_YEAST,0.57,0.51,0.58,0.22,0.50,0.00,0.51,0.22,NUC
676,RFC2_YEAST,0.47,0.47,0.54,0.19,0.50,0.00,0.51,0.33,NUC
677,RFC4_YEAST,0.55,0.45,0.58,0.25,0.50,0.00,0.49,0.22,NUC
678,RHO1_YEAST,0.60,0.48,0.46,0.32,0.50,0.00,0.40,0.33,CYT
679,RIF1_YEAST,0.35,0.40,0.44,0.25,0.50,0.00,0.53,0.57,NUC
680,RIM1_YEAST,0.55,0.38,0.64,0.42,0.50,0.00,0.47,0.22,MIT
681,RIM2_YEAST,0.45,0.43,0.50,0.25,0.50,0.00,0.47,0.22,MIT
682,UCRI_YEAST,0.47,0.53,0.48,0.51,0.50,0.00,0.54,0.22,MIT
683,RNA1_YEAST,0.45,0.52,0.50,0.12,0.50,0.00,0.60,0.22,CYT
684,RN12_YEAST,0.56,0.51,0.32,0.49,0.50,0.00,0.48,0.22,NUC
685,RN14_YEAST,0.37,0.58,0.50,0.22,0.50,0.00,0.47,0.22,NUC
686,RN15_YEAST,0.47,0.45,0.51,0.33,0.50,0.00,0.46,0.26,NUC
687,ROX1_YEAST,0.50,0.36,0.64,0.37,0.50,0.00,0.37,0.33,NUC
688,ROX3_YEAST,0.43,0.44,0.64,0.19,0.50,0.00,0.38,0.33,NUC
689,RS3A_YEAST,0.38,0.40,0.59,0.25,0.50,0.00,0.44,0.22,CYT
690,R13A_YEAST,0.54,0.55,0.56,0.14,0.50,0.00,0.50,0.25,CYT
691,RL18_YEAST,0.45,0.50,0.57,0.29,0.50,0.00,0.44,0.11,CYT
692,RL18_YEAST,0.45,0.50,0.57,0.29,0.50,0.00,0.44,0.11,CYT
693,RS24_YEAST,0.61,0.38,0.57,0.36,0.50,0.00,0.44,0.21,CYT
694,RS24_YEAST,0.61,0.38,0.57,0.36,0.50,0.00,0.44,0.21,CYT
695,R17A_YEAST,0.43,0.33,0.54,0.37,0.50,0.00,0.38,0.16,CYT
696,R17B_YEAST,0.43,0.33,0.54,0.37,0.50,0.00,0.38,0.16,CYT
697,R61A_YEAST,0.51,0.39,0.58,0.19,0.50,0.00,0.47,0.22,CYT
698,RPA2_YEAST,0.35,0.41,0.53,0.27,0.50,0.00,0.47,0.29,NUC
699,RPA3_YEAST,0.57,0.37,0.43,0.27,0.50,0.00,0.53,0.28,NUC
700,RPBY_YEAST,0.48,0.45,0.63,0.19,0.50,0.00,0.58,0.22,NUC
701,RPB2_YEAST,0.34,0.48,0.47,0.19,0.50,0.00,0.50,0.30,NUC
702,RPB3_YEAST,0.54,0.57,0.55,0.18,0.50,0.00,0.50,0.22,NUC
703,RPB4_YEAST,0.38,0.44,0.55,0.44,0.50,0.00,0.47,0.51,NUC
704,RPB5_YEAST,0.40,0.30,0.57,0.13,0.50,0.00,0.46,0.22,NUC
705,RPB7_YEAST,0.52,0.46,0.56,0.25,0.50,0.00,0.52,0.22,NUC
706,RPB8_YEAST,0.44,0.50,0.55,0.24,0.50,0.00,0.48,0.22,NUC
707,RPB9_YEAST,0.34,0.47,0.48,0.32,0.50,0.00,0.42,0.22,NUC
708,RPC2_YEAST,0.46,0.53,0.47,0.37,0.50,0.00,0.51,0.36,NUC
709,RPC9_YEAST,0.31,0.60,0.65,0.18,0.50,0.00,0.46,0.22,NUC
710,RPC8_YEAST,0.57,0.42,0.63,0.22,0.50,0.00,0.68,0.32,NUC
711,RPC6_YEAST,0.37,0.45,0.53,0.14,0.50,0.00,0.49,0.22,NUC
712,RPC5_YEAST,0.38,0.38,0.54,0.24,0.50,0.00,0.54,0.22,NUC
713,RL1_YEAST,0.35,0.33,0.48,0.42,0.50,0.00,0.47,0.43,CYT
714,RL15_YEAST,0.46,0.35,0.69,0.18,0.50,0.00,0.30,0.25,CYT
715,RL15_YEAST,0.46,0.35,0.69,0.18,0.50,0.00,0.30,0.25,CYT
716,R14A_YEAST,0.57,0.43,0.52,0.30,0.50,0.00,0.37,0.11,CYT
717,RL12_YEAST,0.59,0.51,0.48,0.12,0.50,0.00,0.54,0.31,CYT
718,RL12_YEAST,0.59,0.51,0.48,0.12,0.50,0.00,0.54,0.31,CYT
719,RL16_YEAST,0.61,0.53,0.59,0.17,0.50,0.00,0.44,0.28,CYT
720,RL1A_YEAST,0.61,0.48,0.56,0.19,0.50,0.00,0.53,0.31,CYT
721,RL1A_YEAST,0.61,0.48,0.56,0.19,0.50,0.00,0.53,0.31,CYT
722,R16B_YEAST,0.36,0.56,0.52,0.18,0.50,0.00,0.45,0.16,CYT
723,RL17_YEAST,0.37,0.44,0.64,0.48,0.50,0.00,0.36,0.27,CYT
724,RL19_YEAST,0.72,0.37,0.63,0.38,0.50,0.00,0.40,0.14,CYT
725,RL19_YEAST,0.72,0.37,0.63,0.38,0.50,0.00,0.40,0.14,CYT
726,RL25_YEAST,0.44,0.36,0.64,0.45,0.50,0.00,0.53,0.11,CYT
727,RL27_YEAST,0.58,0.45,0.55,0.27,0.50,0.00,0.48,0.11,CYT
728,RL2_YEAST,0.63,0.64,0.45,0.26,0.50,0.00,0.43,0.22,CYT
729,RL3A_YEAST,0.43,0.33,0.67,0.12,0.50,0.00,0.45,0.23,CYT
730,RL3E_YEAST,0.58,0.44,0.50,0.26,0.50,0.00,0.52,0.22,CYT
731,RL34_YEAST,0.38,0.43,0.53,0.22,0.50,0.00,0.48,0.11,CYT
732,RL44_YEAST,0.34,0.34,0.65,0.40,0.50,0.00,0.32,0.16,CYT
733,RL44_YEAST,0.34,0.34,0.65,0.40,0.50,0.00,0.32,0.16,CYT
734,RL46_YEAST,0.43,0.22,0.79,0.79,0.50,0.00,0.22,0.00,CYT
735,RL41_YEAST,0.35,0.21,1.00,0.80,0.50,0.00,0.13,0.01,CYT
736,RL4B_YEAST,0.56,0.35,0.47,0.35,0.50,0.00,0.52,0.22,CYT
737,RL6_YEAST,0.54,0.44,0.55,0.48,0.50,0.00,0.47,0.22,CYT
738,RL71_YEAST,0.35,0.39,0.56,0.20,0.50,0.00,0.49,0.41,CYT
739,RLA0_YEAST,0.48,0.55,0.48,0.10,0.50,0.00,0.55,0.22,CYT
740,RLA1_YEAST,0.66,0.60,0.52,0.19,0.50,0.00,0.69,0.22,CYT
741,RLA2_YEAST,0.69,0.54,0.55,0.23,0.50,0.00,0.73,0.22,CYT
742,RLA3_YEAST,0.73,0.60,0.47,0.20,0.50,0.00,0.72,0.22,CYT
743,RLA4_YEAST,0.78,0.82,0.56,0.21,0.50,0.00,0.69,0.22,CYT
744,RPM2_YEAST,0.42,0.49,0.49,0.36,0.50,0.00,0.57,0.26,MIT
745,RPC1_YEAST,0.56,0.61,0.52,0.19,0.50,0.00,0.52,0.32,NUC
746,RPOM_YEAST,0.47,0.56,0.46,0.50,0.50,0.00,0.51,0.22,MIT
747,RS6_YEAST,0.46,0.33,0.45,0.22,0.50,0.00,0.41,0.37,CYT
748,R19A_YEAST,0.52,0.43,0.61,0.22,0.50,0.00,0.45,0.22,CYT
749,R19B_YEAST,0.52,0.43,0.61,0.22,0.50,0.00,0.45,0.22,CYT
750,RS41_YEAST,0.32,0.44,0.54,0.21,0.50,0.00,0.40,0.19,CYT
751,RS15_YEAST,0.48,0.41,0.52,0.33,0.50,0.00,0.51,0.26,CYT
752,RS22_YEAST,0.46,0.39,0.54,0.22,0.50,0.00,0.48,0.25,CYT
753,RS21_YEAST,0.42,0.50,0.64,0.13,0.50,0.00,0.49,0.22,CYT
754,R26A_YEAST,0.46,0.54,0.59,0.41,0.50,0.00,0.53,0.21,CYT
755,R26B_YEAST,0.46,0.54,0.59,0.41,0.50,0.00,0.53,0.21,CYT
756,R271_YEAST,0.39,0.65,0.57,0.19,0.50,0.00,0.44,0.25,CYT
757,R272_YEAST,0.39,0.65,0.57,0.19,0.50,0.00,0.43,0.25,CYT
758,RS28_YEAST,0.38,0.50,0.52,0.44,0.50,0.00,0.54,0.11,CYT
759,RS28_YEAST,0.38,0.50,0.52,0.44,0.50,0.00,0.54,0.11,CYT
760,RS3_YEAST,0.51,0.52,0.58,0.17,0.50,0.00,0.47,0.28,CYT
761,RS31_YEAST,0.57,0.48,0.54,0.22,0.50,0.00,0.50,0.11,CYT
762,RS4E_YEAST,0.53,0.57,0.60,0.36,0.50,0.00,0.50,0.22,CYT
763,RS4E_YEAST,0.53,0.57,0.60,0.36,0.50,0.00,0.50,0.22,CYT
764,RS8_YEAST,0.37,0.30,0.62,0.43,0.50,0.00,0.44,0.39,CYT
765,RS8_YEAST,0.37,0.30,0.62,0.43,0.50,0.00,0.44,0.39,CYT
766,RRN6_YEAST,0.60,0.57,0.52,0.14,0.50,0.00,0.46,0.48,NUC
767,RRN7_YEAST,0.42,0.38,0.52,0.29,0.50,0.00,0.42,0.22,NUC
768,RTG1_YEAST,0.41,0.46,0.58,0.08,0.50,0.00,0.51,0.28,NUC
769,R161_YEAST,0.49,0.40,0.58,0.23,0.50,0.00,0.47,0.27,CYT
770,R167_YEAST,0.37,0.37,0.51,0.38,0.50,0.00,0.44,0.22,CYT
771,RSD1_YEAST,0.57,0.50,0.40,0.08,0.50,0.00,0.47,0.22,ME3
772,FIMB_YEAST,0.51,0.40,0.50,0.28,0.50,0.00,0.48,0.27,CYT
773,SAC7_YEAST,0.34,0.25,0.55,0.28,0.50,0.00,0.51,0.49,CYT
774,SAG1_YEAST,0.77,0.86,0.44,0.27,0.50,0.00,0.48,0.22,ME1
775,SAR1_YEAST,0.59,0.54,0.53,0.14,0.50,0.00,0.48,0.22,CYT
776,SCJ1_YEAST,0.39,1.00,0.38,0.41,0.50,0.00,0.50,0.27,MIT
777,PRCI_YEAST,0.56,0.42,0.52,0.14,0.50,0.00,0.51,0.22,CYT
778,TAT2_YEAST,0.39,0.46,0.33,0.18,0.50,0.00,0.53,0.22,ME3
779,S160_YEAST,0.46,0.49,0.55,0.18,0.50,0.00,0.56,0.22,NUC
780,DHSB_YEAST,0.53,0.51,0.55,0.57,0.50,0.00,0.46,0.22,MIT
781,SDH3_YEAST,0.54,0.64,0.40,0.56,0.50,0.00,0.51,0.22,MIT
782,SDHL_YEAST,0.46,0.42,0.51,0.16,0.50,0.00,0.56,0.22,CYT
783,SEC1_YEAST,0.60,0.51,0.49,0.18,0.50,0.00,0.53,0.38,CYT
784,SC11_YEAST,0.85,0.66,0.49,0.18,0.50,0.00,0.51,0.22,ME1
785,SC13_YEAST,0.49,0.38,0.56,0.09,0.50,0.00,0.46,0.22,CYT
786,SC14_YEAST,0.38,0.40,0.53,0.12,0.50,0.00,0.55,0.22,CYT
787,SC17_YEAST,0.46,0.44,0.58,0.17,0.50,0.00,0.55,0.22,CYT
788,SC18_YEAST,0.34,0.46,0.52,0.19,0.50,0.00,0.53,0.26,CYT
789,SC20_YEAST,0.46,0.47,0.44,0.18,1.00,0.00,0.46,0.22,ME2
790,SC21_YEAST,0.44,0.71,0.50,0.21,0.50,0.00,0.54,0.27,CYT
791,PMM_YEAST,0.54,0.51,0.56,0.15,0.50,0.00,0.54,0.31,CYT
792,SC59_YEAST,0.51,0.51,0.32,0.27,0.50,0.00,0.54,0.22,ME3
793,S61A_YEAST,0.55,0.72,0.35,0.26,0.50,0.00,0.49,0.22,ME3
794,SC62_YEAST,0.54,0.44,0.35,0.19,0.50,0.00,0.51,0.27,ME3
795,NPL1_YEAST,0.65,0.66,0.37,0.12,0.50,0.00,0.52,0.27,ME3
796,SC65_YEAST,0.41,0.40,0.56,0.17,0.50,0.00,0.56,0.22,CYT
797,SC66_YEAST,0.39,0.71,0.38,0.14,0.50,0.00,0.50,0.22,ME2
798,SEC7_YEAST,0.37,0.42,0.46,0.15,0.50,0.00,0.51,0.31,ME2
799,SC72_YEAST,0.59,0.55,0.57,0.18,0.50,0.00,0.51,0.22,CYT
800,SEC8_YEAST,0.48,0.51,0.50,0.24,0.50,0.00,0.54,0.38,CYT
801,SEC9_YEAST,0.39,0.30,0.63,0.20,0.50,0.00,0.43,0.47,CYT
802,TRAM_YEAST,0.47,0.52,0.54,0.25,0.50,0.00,0.54,0.29,MIT
803,SED1_YEAST,0.77,0.82,0.40,0.36,0.50,0.00,0.38,0.22,ME1
804,SED4_YEAST,0.52,0.55,0.39,0.09,1.00,0.00,0.55,0.25,ME3
805,SED5_YEAST,0.42,0.28,0.33,0.23,0.50,0.00,0.39,0.26,ME3
806,SYSC_YEAST,0.30,0.33,0.55,0.12,0.50,0.00,0.53,0.38,CYT
807,SFL1_YEAST,0.49,0.49,0.52,0.18,0.50,0.00,0.51,0.25,NUC
808,SFP1_YEAST,0.54,0.59,0.57,0.34,0.50,0.00,0.49,0.22,NUC
809,AMYG_YEAST,0.70,0.78,0.53,0.24,0.50,0.00,0.48,0.22,VAC
810,SHM1_YEAST,0.56,0.59,0.45,0.15,0.50,0.00,0.54,0.22,MIT
811,GLYM_YEAST,0.47,0.56,0.53,0.44,0.50,0.00,0.53,0.22,MIT
812,NOT4_YEAST,0.47,0.44,0.53,0.18,0.50,0.00,0.47,0.29,NUC
813,SIN3_YEAST,0.40,0.49,0.53,0.23,0.50,0.00,0.44,0.26,NUC
814,SIN4_YEAST,0.45,0.65,0.51,0.17,0.50,0.00,0.49,0.22,NUC
815,SIP2_YEAST,0.42,0.42,0.55,0.31,0.50,0.00,0.43,0.22,NUC
816,SIR1_YEAST,0.45,0.41,0.53,0.49,0.50,0.00,0.49,0.31,NUC
817,SIR3_YEAST,0.47,0.50,0.47,0.22,0.50,0.00,0.53,0.45,NUC
818,SIR4_YEAST,0.33,0.42,0.55,0.23,0.50,0.00,0.52,0.43,NUC
819,SIS1_YEAST,0.56,0.55,0.57,0.15,0.50,0.00,0.54,0.25,CYT
820,SIS2_YEAST,0.37,0.47,0.49,0.12,0.50,0.00,0.47,0.31,NUC
821,SKI3_YEAST,0.32,0.60,0.48,0.13,0.50,0.00,0.53,0.22,NUC
822,SKN1_YEAST,0.38,0.42,0.31,0.35,0.50,0.00,0.52,0.22,ME3
823,SLA1_YEAST,0.37,0.55,0.52,0.13,0.50,0.00,0.42,0.80,CYT
824,SLA2_YEAST,0.46,0.48,0.38,0.22,0.50,0.00,0.39,0.45,ME3
825,PLSC_YEAST,0.80,0.69,0.53,0.33,0.50,0.00,0.51,0.22,ME2
826,SLN1_YEAST,0.52,0.65,0.36,0.37,0.50,0.00,0.52,0.34,ME3
827,SLY1_YEAST,0.64,0.31,0.53,0.15,0.50,0.00,0.53,0.31,CYT
828,SLY4_YEAST,0.40,0.43,0.36,0.33,0.50,0.00,0.51,0.22,ME3
829,SMC1_YEAST,0.47,0.56,0.51,0.20,0.50,0.00,0.52,0.59,NUC
830,SMC2_YEAST,0.40,0.75,0.44,0.12,0.50,0.00,0.49,0.22,NUC
831,SMD1_YEAST,0.48,0.55,0.58,0.18,0.50,0.00,0.38,0.69,NUC
832,SMF2_YEAST,0.23,0.37,0.32,0.13,0.50,0.00,0.53,0.22,MIT
833,SMY1_YEAST,0.54,0.50,0.51,0.26,0.50,0.00,0.52,0.22,CYT
834,SMY2_YEAST,0.60,0.64,0.56,0.36,0.50,0.00,0.46,0.27,CYT
835,SNC1_YEAST,0.27,0.41,0.24,0.20,0.50,0.00,0.49,0.22,ME3
836,SNC2_YEAST,0.25,0.35,0.22,0.18,0.50,0.00,0.46,0.22,ME3
837,SNF1_YEAST,0.39,0.45,0.51,0.29,0.50,0.00,0.54,0.22,CYT
838,SNF3_YEAST,0.37,0.40,0.38,0.18,0.50,0.00,0.51,0.22,ME3
839,SNF4_YEAST,0.43,0.47,0.47,0.18,0.50,0.00,0.47,0.22,CYT
840,SNF6_YEAST,0.55,0.40,0.62,0.22,0.50,0.00,0.37,0.28,NUC
841,RU17_YEAST,0.33,0.46,0.60,0.18,0.50,0.00,0.51,0.26,NUC
842,SNP2_YEAST,0.51,0.50,0.54,0.11,0.50,0.00,0.60,0.22,NUC
843,SNQ2_YEAST,0.45,0.57,0.38,0.28,0.50,0.00,0.53,0.31,ME3
844,SODC_YEAST,0.55,0.57,0.51,0.07,0.50,0.00,0.55,0.22,CYT
845,SODM_YEAST,0.54,0.47,0.58,0.40,0.50,0.00,0.46,0.27,MIT
846,SOF1_YEAST,0.36,0.32,0.55,0.27,0.50,0.00,0.47,0.43,NUC
847,SOK1_YEAST,0.46,0.41,0.45,0.23,0.50,0.00,0.48,0.22,NUC
848,SON1_YEAST,0.40,0.39,0.60,0.23,0.50,0.00,0.52,0.31,NUC
849,RL35_YEAST,0.52,0.47,0.58,0.18,0.50,0.00,0.34,0.11,CYT
850,SPA2_YEAST,0.50,0.45,0.51,0.19,0.50,0.00,0.53,0.25,CYT
851,SPK1_YEAST,0.44,0.43,0.46,0.28,0.50,0.00,0.45,0.29,NUC
852,SP11_YEAST,0.46,0.50,0.50,0.28,0.50,0.00,0.50,0.37,NUC
853,SPR1_YEAST,0.66,0.65,0.54,0.40,0.50,0.00,0.51,0.22,EXC
854,SS10_YEAST,0.77,0.73,0.49,0.46,0.50,0.00,0.38,0.22,EXC
855,SX18_YEAST,0.38,0.58,0.46,0.21,0.50,0.00,0.52,0.22,NUC
856,SX19_YEAST,0.32,0.68,0.51,0.16,0.50,0.83,0.55,0.22,POX
857,SP10_YEAST,0.27,0.46,0.52,0.17,0.50,0.00,0.49,0.44,NUC
858,SP14_YEAST,0.52,0.45,0.45,0.13,0.50,0.00,0.48,0.22,NUC
859,SPT2_YEAST,0.37,0.48,0.67,0.37,0.50,0.00,0.56,0.62,NUC
860,SP23_YEAST,0.48,0.65,0.36,0.24,0.50,0.00,0.54,0.31,NUC
861,SPT3_YEAST,0.59,0.49,0.45,0.22,0.50,0.00,0.45,0.31,NUC
862,SPT5_YEAST,0.50,0.43,0.50,0.17,0.50,0.00,0.46,0.47,NUC
863,SPT6_YEAST,0.23,0.13,0.51,0.16,0.50,0.00,0.53,0.51,NUC
864,SPT7_YEAST,0.49,0.60,0.54,0.35,0.50,0.00,0.53,0.46,NUC
865,SPT8_YEAST,0.52,0.31,0.56,0.16,0.50,0.00,0.55,0.22,NUC
866,SRB2_YEAST,0.49,0.48,0.51,0.21,0.50,0.00,0.53,0.22,NUC
867,SRB5_YEAST,0.60,0.62,0.54,0.11,0.50,0.00,0.51,0.22,NUC
868,SRB6_YEAST,0.55,0.47,0.53,0.20,0.50,0.00,0.40,0.22,NUC
869,SCA1_YEAST,0.47,0.32,0.51,0.24,0.50,0.00,0.54,0.27,NUC
870,SRD1_YEAST,0.53,0.25,0.59,0.27,0.50,0.00,0.45,0.26,NUC
871,SRPI_YEAST,0.25,0.33,0.48,0.18,0.50,0.00,0.42,0.33,NUC
872,SRPR_YEAST,0.55,0.46,0.47,0.15,0.50,0.00,0.47,0.22,ME3
873,SR54_YEAST,0.50,0.52,0.51,0.22,0.50,0.00,0.46,0.37,CYT
874,SR68_YEAST,0.62,0.33,0.49,0.24,0.50,0.00,0.51,0.42,CYT
875,CAP_YEAST,0.52,0.56,0.55,0.16,0.50,0.00,0.53,0.39,CYT
876,HS71_YEAST,0.53,0.48,0.51,0.18,0.50,0.00,0.52,0.27,CYT
877,HS72_YEAST,0.51,0.48,0.51,0.19,0.50,0.00,0.51,0.27,CYT
878,HS73_YEAST,0.51,0.48,0.51,0.26,0.50,0.00,0.51,0.27,CYT
879,HS76_YEAST,0.60,0.46,0.51,0.10,0.50,0.00,0.48,0.31,CYT
880,HS77_YEAST,0.51,0.50,0.49,0.45,0.50,0.00,0.48,0.22,MIT
881,SSD1_YEAST,0.45,0.45,0.51,0.30,0.50,0.00,0.48,0.44,CYT
882,RA25_YEAST,0.38,0.42,0.47,0.12,0.50,0.00,0.47,0.53,NUC
883,SSN6_YEAST,0.19,0.66,0.60,0.14,0.50,0.00,0.20,0.25,NUC
884,SSO1_YEAST,0.41,0.42,0.23,0.16,0.50,0.00,0.40,0.22,ME3
885,S120_YEAST,0.70,0.58,0.53,0.39,0.50,0.00,0.59,0.22,EXC
886,S61G_YEAST,0.49,0.31,0.43,0.24,0.50,0.00,0.54,0.22,ME3
887,SST2_YEAST,0.46,0.41,0.43,0.18,0.50,0.00,0.54,0.22,ME3
888,AMYH_YEAST,0.83,0.81,0.45,0.38,0.50,0.00,0.40,0.26,EXC
889,DAP1_YEAST,0.32,0.36,0.28,0.38,0.50,0.00,0.50,0.40,ME3
890,ST14_YEAST,0.40,0.65,0.38,0.17,0.50,0.00,0.57,0.22,ME3
891,GBG_YEAST,0.36,0.37,0.63,0.25,0.50,0.00,0.30,0.22,CYT
892,STE2_YEAST,0.49,0.55,0.41,0.19,0.50,0.00,0.48,0.31,ME3
893,ST20_YEAST,0.30,0.45,0.55,0.19,0.50,0.00,0.53,0.40,CYT
894,STE3_YEAST,0.88,0.72,0.32,0.30,0.50,0.00,0.52,0.33,ME1
895,GBB_YEAST,0.44,0.40,0.53,0.19,0.50,0.00,0.48,0.27,CYT
896,STE5_YEAST,0.45,0.57,0.52,0.21,0.50,0.00,0.54,0.38,NUC
897,STF1_YEAST,0.55,0.41,0.67,0.61,0.50,0.00,0.49,0.14,MIT
898,STF2_YEAST,0.28,0.18,0.72,0.26,0.50,0.00,0.49,0.25,MIT
899,STL1_YEAST,0.36,0.50,0.39,0.23,0.50,0.00,0.50,0.22,ME3
900,STP1_YEAST,0.48,0.54,0.56,0.29,0.50,0.00,0.51,0.43,NUC
901,STU1_YEAST,0.33,0.37,0.49,0.22,0.50,0.00,0.55,0.22,CYT
902,STV1_YEAST,0.58,0.43,0.32,0.11,0.50,0.00,0.49,0.22,VAC
903,INV4_YEAST,0.75,0.76,0.58,0.22,0.50,0.00,0.49,0.22,EXC
904,SUG1_YEAST,0.58,0.37,0.58,0.16,0.50,0.00,0.51,0.22,NUC
905,SUI1_YEAST,0.39,0.39,0.65,0.16,0.50,0.00,0.45,0.22,CYT
906,IF2A_YEAST,0.51,0.59,0.55,0.21,0.50,0.00,0.52,0.22,CYT
907,SUL1_YEAST,0.43,0.28,0.41,0.32,0.50,0.00,0.52,0.22,ME3
908,SUP2_YEAST,0.23,0.29,0.46,0.00,0.50,0.00,0.43,0.31,CYT
909,SUV3_YEAST,0.61,0.54,0.54,0.38,0.50,0.00,0.54,0.29,MIT
910,ADR6_YEAST,0.48,0.17,0.37,0.33,0.50,0.00,0.44,0.36,NUC
911,SWI3_YEAST,0.47,0.47,0.50,0.19,0.50,0.00,0.51,0.26,NUC
912,SWI4_YEAST,0.55,0.38,0.52,0.16,0.50,0.00,0.49,0.64,NUC
913,TAL1_YEAST,0.63,0.64,0.49,0.20,0.50,0.00,0.52,0.25,CYT
914,VAL1_YEAST,0.31,0.40,0.31,0.17,0.50,0.00,0.52,0.22,ME3
915,TBF1_YEAST,0.44,0.65,0.49,0.16,0.50,0.00,0.48,0.31,NUC
916,RL3_YEAST,0.48,0.44,0.46,0.37,0.50,0.00,0.46,0.36,CYT
917,TCPA_YEAST,0.50,0.49,0.46,0.22,0.50,0.00,0.53,0.25,CYT
918,TCPB_YEAST,0.50,0.45,0.52,0.18,0.50,0.00,0.52,0.22,CYT
919,TCPG_YEAST,0.59,0.51,0.47,0.21,0.50,0.00,0.47,0.22,CYT
920,TCPZ_YEAST,0.49,0.48,0.52,0.24,0.50,0.00,0.50,0.22,CYT
921,G3P2_YEAST,0.57,0.35,0.50,0.43,0.50,0.00,0.53,0.22,CYT
922,G3P3_YEAST,0.61,0.52,0.50,0.44,0.50,0.00,0.53,0.22,CYT
923,TF3B_YEAST,0.49,0.51,0.52,0.13,0.50,0.00,0.51,0.33,NUC
924,TEC1_YEAST,0.45,0.40,0.56,0.15,0.50,0.00,0.52,0.22,NUC
925,EF1A_YEAST,0.63,0.43,0.48,0.11,0.50,0.00,0.51,0.22,CYT
926,EF1G_YEAST,0.52,0.45,0.53,0.34,0.50,0.00,0.52,0.44,CYT
927,EF1H_YEAST,0.54,0.48,0.55,0.33,0.50,0.00,0.55,0.40,CYT
928,T2EA_YEAST,0.55,0.79,0.45,0.25,0.50,0.00,0.51,0.22,NUC
929,TFB1_YEAST,0.63,0.58,0.57,0.10,0.50,0.00,0.52,0.33,NUC
930,TFC1_YEAST,0.54,0.67,0.56,0.15,0.50,0.00,0.57,0.33,NUC
931,TF3A_YEAST,0.41,0.59,0.65,0.14,0.50,0.00,0.49,0.33,NUC
932,TFC3_YEAST,0.47,0.38,0.50,0.15,0.50,0.00,0.49,0.47,NUC
933,TFC4_YEAST,0.33,0.17,0.52,0.13,0.50,0.00,0.51,0.75,NUC
934,THRC_YEAST,0.54,0.55,0.55,0.40,0.50,0.00,0.53,0.22,CYT
935,SYTC_YEAST,0.31,0.31,0.57,0.15,0.50,0.00,0.50,0.22,CYT
936,IF4A_YEAST,0.38,0.42,0.50,0.19,0.50,0.00,0.44,0.22,CYT
937,IF1A_YEAST,0.33,0.36,0.62,0.26,0.50,0.00,0.55,0.22,CYT
938,IF4A_YEAST,0.38,0.42,0.50,0.19,0.50,0.00,0.44,0.22,CYT
939,TIF3_YEAST,0.47,0.56,0.58,0.19,0.50,0.00,0.44,0.64,CYT
940,IF41_YEAST,0.32,0.32,0.52,0.18,0.50,0.00,0.48,0.34,CYT
941,IF42_YEAST,0.28,0.27,0.50,0.14,0.50,0.00,0.50,0.28,CYT
942,IF5_YEAST,0.41,0.46,0.57,0.25,0.50,0.00,0.57,0.38,CYT
943,IF52_YEAST,0.44,0.54,0.51,0.16,0.50,0.00,0.58,0.22,CYT
944,IF51_YEAST,0.44,0.55,0.51,0.16,0.50,0.00,0.60,0.22,CYT
945,TP20_YEAST,0.40,0.56,0.53,0.15,0.50,0.00,0.49,0.22,CYT
946,SRP1_YEAST,0.79,0.79,0.42,0.26,0.50,0.00,0.60,0.22,ME1
947,SRP2_YEAST,0.80,0.83,0.43,0.24,0.50,0.00,0.54,0.22,ME1
948,TKT1_YEAST,0.58,0.55,0.51,0.13,0.50,0.00,0.52,0.22,CYT
949,TKT2_YEAST,0.55,0.69,0.51,0.12,0.50,0.00,0.51,0.22,CYT
950,TYSY_YEAST,0.47,0.46,0.53,0.12,0.50,0.00,0.51,0.25,NUC
951,TOA1_YEAST,0.57,0.29,0.63,0.22,0.50,0.00,0.49,0.27,NUC
952,TOA2_YEAST,0.52,0.49,0.59,0.21,0.50,0.00,0.47,0.22,NUC
953,TOP1_YEAST,0.41,0.42,0.53,0.17,0.50,0.00,0.48,0.58,NUC
954,TOP2_YEAST,0.45,0.36,0.50,0.19,0.50,0.00,0.53,0.70,NUC
955,TOR2_YEAST,0.49,0.50,0.42,0.43,0.50,0.00,0.50,0.36,VAC
956,TPIS_YEAST,0.44,0.49,0.49,0.27,0.50,0.00,0.52,0.22,CYT
957,KAPA_YEAST,0.25,0.26,0.53,0.17,0.50,0.00,0.45,0.22,CYT
958,KAPB_YEAST,0.49,0.46,0.54,0.18,0.50,0.00,0.35,0.22,CYT
959,KAPC_YEAST,0.42,0.37,0.54,0.17,0.50,0.00,0.51,0.22,CYT
960,TPM1_YEAST,0.42,0.45,0.75,0.21,0.50,0.00,0.48,0.22,CYT
961,TPS2_YEAST,0.54,0.43,0.48,0.27,0.50,0.00,0.44,0.41,CYT
962,TRK1_YEAST,0.55,0.39,0.39,0.47,0.50,0.00,0.50,0.83,ME3
963,TRK2_YEAST,0.59,0.48,0.41,0.53,0.50,0.00,0.48,0.56,ME3
964,TRNL_YEAST,0.49,0.38,0.49,0.15,0.50,0.00,0.53,0.25,NUC
965,TRM1_YEAST,0.53,0.45,0.52,0.29,0.50,0.00,0.55,0.38,MIT
966,TRPE_YEAST,0.33,0.46,0.53,0.12,0.50,0.00,0.50,0.27,CYT
967,TRPD_YEAST,0.45,0.76,0.51,0.25,0.50,0.00,0.59,0.22,CYT
968,TRP_YEAST,0.48,0.44,0.51,0.24,0.50,0.00,0.49,0.22,CYT
969,TSA_YEAST,0.59,0.64,0.44,0.26,0.50,0.00,0.50,0.22,CYT
970,TSL1_YEAST,0.79,0.56,0.53,0.19,0.50,0.00,0.47,0.35,CYT
971,TSM1_YEAST,0.50,0.50,0.48,0.34,0.50,0.00,0.52,0.27,NUC
972,TBA1_YEAST,0.59,0.46,0.57,0.17,0.50,0.00,0.52,0.22,CYT
973,TBB_YEAST,0.53,0.42,0.53,0.19,0.50,0.00,0.47,0.22,CYT
974,TBA3_YEAST,0.59,0.46,0.55,0.17,0.50,0.00,0.52,0.25,CYT
975,EFTU_YEAST,0.61,0.73,0.50,0.58,0.50,0.00,0.50,0.22,MIT
976,TUP1_YEAST,0.50,0.43,0.56,0.17,0.50,0.00,0.35,0.22,NUC
977,TYE7_YEAST,0.36,0.52,0.61,0.33,0.50,0.00,0.52,0.37,NUC
978,TYR1_YEAST,0.66,0.54,0.53,0.17,0.50,0.00,0.54,0.22,CYT
979,UBA1_YEAST,0.52,0.51,0.48,0.12,0.50,0.00,0.54,0.31,CYT
980,UBC1_YEAST,0.56,0.46,0.51,0.25,0.50,0.00,0.54,0.22,CYT
981,UBC4_YEAST,0.47,0.46,0.49,0.27,0.50,0.00,0.59,0.22,CYT
982,UBC7_YEAST,0.50,0.44,0.57,0.28,0.50,0.00,0.57,0.22,CYT
983,UBP1_YEAST,0.59,0.70,0.46,0.19,0.50,0.00,0.54,0.44,CYT
984,UBP3_YEAST,0.27,0.43,0.50,0.13,0.50,0.00,0.54,0.31,CYT
985,UBR1_YEAST,0.42,0.46,0.44,0.17,0.50,0.00,0.51,0.42,CYT
986,UGA3_YEAST,0.49,0.36,0.47,0.28,0.50,0.00,0.56,0.54,NUC
987,UGA4_YEAST,0.42,0.51,0.33,0.16,0.50,0.00,0.54,0.22,ME3
988,UME5_YEAST,0.34,0.42,0.48,0.19,0.50,0.00,0.46,0.31,NUC
989,PYRD_YEAST,0.48,0.39,0.56,0.23,0.50,0.00,0.60,0.22,CYT
990,PYR1_YEAST,0.56,0.49,0.47,0.13,0.50,0.00,0.52,0.22,NUC
991,UMPK_YEAST,0.47,0.59,0.56,0.09,0.50,0.00,0.50,0.22,CYT
992,RL21_YEAST,0.40,0.28,0.58,0.44,0.50,0.00,0.41,0.22,CYT
993,USO1_YEAST,0.50,0.47,0.45,0.14,0.50,0.00,0.53,0.32,ME3
994,YEU2_YEAST,0.55,0.49,0.60,0.18,0.50,0.00,0.51,0.22,NUC
995,VAC1_YEAST,0.55,0.44,0.50,0.09,0.50,0.00,0.55,0.22,VAC
996,SYV_YEAST,0.51,0.49,0.48,0.55,0.50,0.00,0.52,0.58,CYT
997,VATA_YEAST,0.36,0.51,0.51,0.17,0.50,0.00,0.52,0.22,VAC
998,VATB_YEAST,0.44,0.35,0.55,0.14,0.50,0.00,0.52,0.22,VAC
999,VATE_YEAST,0.60,0.37,0.52,0.15,0.50,0.00,0.55,0.26,VAC
1000,VATX_YEAST,0.48,0.58,0.58,0.12,0.50,0.00,0.49,0.22,VAC
1001,VATF_YEAST,0.65,0.58,0.53,0.21,0.50,0.00,0.51,0.22,VAC
1002,VATD_YEAST,0.48,0.49,0.49,0.26,0.50,0.00,0.39,0.27,VAC
1003,VPH1_YEAST,0.57,0.54,0.32,0.15,0.50,0.00,0.52,0.25,VAC
1004,VM12_YEAST,0.40,0.36,0.32,0.16,0.50,0.00,0.51,0.27,VAC
1005,VPS1_YEAST,0.50,0.55,0.52,0.16,0.50,0.00,0.51,0.31,CYT
1006,VP15_YEAST,0.65,0.63,0.47,0.22,0.50,0.00,0.52,0.27,CYT
1007,VP16_YEAST,0.41,0.48,0.51,0.20,0.50,0.00,0.51,0.22,CYT
1008,VP17_YEAST,0.25,0.40,0.54,0.16,0.50,0.00,0.43,0.22,CYT
1009,YP51_YEAST,0.63,0.56,0.52,0.21,0.50,0.00,0.50,0.22,CYT
1010,SLP1_YEAST,0.56,0.68,0.42,0.36,0.50,0.00,0.49,0.22,CYT
1011,VP34_YEAST,0.57,0.47,0.48,0.17,0.50,0.00,0.52,0.26,VAC
1012,VP45_YEAST,0.46,0.52,0.51,0.13,0.50,0.00,0.47,0.22,CYT
1013,VRP1_YEAST,0.50,0.40,0.57,0.17,0.50,0.00,0.59,0.22,CYT
1014,OSTB_YEAST,0.78,0.71,0.35,0.25,0.50,0.00,0.49,0.22,ME1
1015,XRS2_YEAST,0.64,0.56,0.52,0.17,0.50,0.00,0.54,0.47,NUC
1016,YAB1_YEAST,0.51,0.39,0.56,0.55,0.50,0.00,0.46,0.64,MIT
1017,YAB8_YEAST,0.69,0.66,0.36,0.09,0.50,0.00,0.56,0.22,ME1
1018,YAB9_YEAST,0.40,0.45,0.45,0.15,0.50,0.00,0.53,0.48,NUC
1019,YAC2_YEAST,0.49,0.53,0.36,0.15,0.50,0.00,0.52,0.27,ME3
1020,YAF1_YEAST,0.45,0.51,0.43,0.22,0.50,0.00,0.57,0.22,NUC
1021,YAF3_YEAST,0.77,0.78,0.27,0.37,0.50,0.00,0.49,0.22,ME1
1022,YAG3_YEAST,0.88,0.75,0.41,0.36,0.50,0.00,0.43,0.22,ME2
1023,YAG7_YEAST,0.49,0.49,0.40,0.20,0.50,0.00,0.48,0.26,ME3
1024,AP17_YEAST,0.53,0.52,0.49,0.27,0.50,0.00,0.51,0.22,CYT
1025,AP19_YEAST,0.50,0.47,0.56,0.31,0.50,0.00,0.56,0.26,CYT
1026,AP54_YEAST,0.33,0.49,0.46,0.22,0.50,0.00,0.53,0.33,ME3
1027,ADB1_YEAST,0.47,0.41,0.46,0.18,0.50,0.00,0.53,0.22,ME3
1028,CACM_YEAST,0.45,0.39,0.46,0.29,0.50,0.00,0.42,0.22,MIT
1029,FMT_YEAST,0.59,0.56,0.50,0.48,0.50,0.00,0.46,0.22,MIT
1030,YBG6_YEAST,0.28,0.41,0.46,0.18,0.50,0.00,0.47,0.39,NUC
1031,YBI8_YEAST,0.45,0.50,0.43,0.16,0.50,0.00,0.52,0.28,ME3
1032,RL3P_YEAST,0.24,0.25,0.57,0.28,0.50,0.00,0.51,0.11,CYT
1033,MRF1_YEAST,0.46,0.61,0.55,0.29,0.50,0.00,0.49,0.22,MIT
1034,YB30_YEAST,0.43,0.41,0.37,0.18,0.50,0.00,0.54,0.31,ME3
1035,YB32_YEAST,0.40,0.44,0.47,0.25,0.50,0.00,0.54,0.56,NUC
1036,YB33_YEAST,0.46,0.59,0.38,0.12,0.50,0.00,0.50,0.22,ME3
1037,YB37_YEAST,0.80,0.82,0.40,0.31,0.50,0.00,0.57,0.25,ME1
1038,YB54_YEAST,0.40,0.40,0.43,0.19,0.50,0.83,0.48,0.22,POX
1039,YB91_YEAST,0.43,0.60,0.40,0.12,0.50,0.00,0.49,0.29,ME3
1040,YB8E_YEAST,0.56,0.71,0.47,0.21,0.50,0.00,0.52,0.22,MIT
1041,YB8G_YEAST,0.65,0.62,0.26,0.33,0.50,0.00,0.55,0.22,ME3
1042,YB8I_YEAST,0.77,0.70,0.37,0.12,0.50,0.00,0.49,0.26,ME1
1043,YCK1_YEAST,0.71,0.51,0.49,0.23,0.50,0.00,0.30,0.32,ME2
1044,YCK2_YEAST,0.59,0.48,0.49,0.49,0.50,0.00,0.36,0.32,CYT
1045,YCA9_YEAST,0.58,0.63,0.52,0.70,0.50,0.00,0.46,0.22,MIT
1046,YCD8_YEAST,0.30,0.68,0.41,0.17,0.50,0.00,0.51,0.22,ME3
1047,YCG9_YEAST,0.74,0.73,0.32,0.20,0.50,0.00,0.55,0.22,ME1
1048,YCH0_YEAST,0.55,0.35,0.36,0.29,0.50,0.00,0.51,0.22,ME3
1049,YCQ7_YEAST,0.67,0.61,0.39,0.24,0.50,0.00,0.51,0.22,ME3
1050,SYN_YEAST,0.47,0.41,0.53,0.27,0.50,0.00,0.47,0.25,MIT
1051,YCR8_YEAST,0.39,0.56,0.34,0.18,0.50,0.00,0.49,0.22,ME3
1052,YCV1_YEAST,0.75,0.73,0.35,0.33,0.50,0.00,0.49,0.28,ME1
1053,YCW2_YEAST,0.54,0.54,0.56,0.18,0.50,0.00,0.46,0.29,NUC
1054,YCX9_YEAST,0.71,0.64,0.42,0.28,0.50,0.00,0.43,0.22,EXC
1055,YCY8_YEAST,0.28,0.48,0.36,0.16,0.50,0.00,0.53,0.22,ME3
1056,YCZ6_YEAST,0.58,0.44,0.45,0.32,0.50,0.00,0.52,0.37,NUC
1057,YD66_YEAST,0.52,0.65,0.36,0.26,0.50,0.00,0.44,0.22,ME3
1058,MAS5_YEAST,0.64,0.44,0.56,0.15,0.50,0.00,0.56,0.22,CYT
1059,EF3_YEAST,0.48,0.58,0.47,0.17,0.50,0.00,0.53,0.74,CYT
1060,YEA6_YEAST,0.42,0.71,0.45,0.15,0.50,0.00,0.48,0.22,ME3
1061,YEP0_YEAST,0.38,0.37,0.36,0.14,0.50,0.00,0.54,0.22,ME3
1062,YE14_YEAST,0.40,0.40,0.44,0.37,0.50,0.00,0.53,0.25,NUC
1063,YGL1_YEAST,0.38,0.56,0.38,0.16,0.50,0.00,0.53,0.22,ME3
1064,YHA8_YEAST,0.63,0.65,0.42,0.18,0.50,0.00,0.54,0.27,ME3
1065,YHA9_YEAST,0.47,0.40,0.63,0.19,0.50,0.00,0.52,0.32,NUC
1066,YHB7_YEAST,0.83,0.94,0.32,0.21,0.50,0.00,0.51,0.22,ME1
1067,YHC6_YEAST,0.61,0.76,0.30,0.16,0.50,0.00,0.45,0.41,ME3
1068,RIMI_YEAST,0.33,0.38,0.47,0.14,0.50,0.00,0.51,0.47,NUC
1069,YHD5_YEAST,0.38,0.67,0.33,0.17,0.50,0.00,0.51,0.22,ME3
1070,YHE0_YEAST,0.39,0.33,0.33,0.23,0.50,0.00,0.47,0.22,ME3
1071,YHF0_YEAST,0.50,0.63,0.45,0.13,0.50,0.00,0.45,0.32,ME3
1072,YHG2_YEAST,0.20,0.60,0.50,0.29,0.50,0.00,0.51,0.22,ME3
1073,YHI7_YEAST,0.29,0.26,0.43,0.17,0.50,0.00,0.55,0.30,ME3
1074,YHK5_YEAST,0.92,0.66,0.52,0.23,0.50,0.00,0.53,0.22,ME1
1075,YHK8_YEAST,0.49,0.56,0.37,0.20,0.50,0.00,0.53,0.22,ME3
1076,YHN8_YEAST,0.86,0.78,0.34,0.15,0.50,0.00,0.53,0.22,ME2
1077,YHP0_YEAST,0.38,0.44,0.57,0.14,0.50,0.00,0.53,0.52,NUC
1078,YHQ1_YEAST,0.72,0.73,0.41,0.28,0.50,0.00,0.44,0.22,ME1
1079,YHR0_YEAST,0.80,0.73,0.47,0.19,0.50,0.00,0.49,0.22,ME1
1080,YHT3_YEAST,0.49,0.55,0.35,0.23,0.50,0.00,0.57,0.22,ME3
1081,YHU0_YEAST,0.63,0.71,0.44,0.53,0.50,0.00,0.52,0.22,ME2
1082,YHX8_YEAST,0.40,0.43,0.49,0.17,0.50,0.00,0.51,0.36,NUC
1083,YHY1_YEAST,0.77,0.68,0.35,0.19,0.50,0.00,0.53,0.43,ME1
1084,YIB3_YEAST,0.52,0.46,0.34,0.20,0.50,0.00,0.51,0.25,ME3
1085,YIF2_YEAST,0.47,0.50,0.60,0.63,0.50,0.00,0.38,0.16,CYT
1086,YIG3_YEAST,0.34,0.24,0.51,0.15,0.50,0.00,0.54,0.40,NUC
1087,YIN0_YEAST,0.35,0.29,0.46,0.14,0.50,0.00,0.54,0.66,NUC
1088,YIN4_YEAST,0.58,0.67,0.49,0.16,0.50,0.00,0.47,0.28,MIT
1089,YIR3_YEAST,0.85,0.85,0.30,0.31,0.50,0.00,0.55,0.42,ME1
1090,YKJ5_YEAST,0.36,0.48,0.61,0.26,0.50,0.00,0.50,0.16,NUC
1091,YKA5_YEAST,0.41,0.25,0.59,0.44,0.50,0.00,0.60,0.69,NUC
1092,MAOX_YEAST,0.57,0.59,0.49,0.86,0.50,0.00,0.47,0.22,NUC
1093,YKD8_YEAST,0.38,0.40,0.39,0.19,0.50,0.00,0.46,0.62,NUC
1094,TCTP_YEAST,0.47,0.38,0.58,0.19,0.50,0.00,0.57,0.22,CYT
1095,PMT_YEAST,0.50,0.61,0.44,0.20,0.50,0.00,0.49,0.22,MIT
1096,YKN4_YEAST,0.46,0.62,0.46,0.54,0.50,0.00,0.51,0.27,MIT
1097,YKY8_YEAST,0.25,0.40,0.52,0.15,0.50,0.00,0.56,0.28,NUC
1098,YK68_YEAST,0.32,0.29,0.29,0.08,0.50,0.00,0.52,0.22,ME3
1099,RL13_YEAST,0.38,0.48,0.57,0.30,0.50,0.00,0.41,0.11,CYT
1100,YMC1_YEAST,0.39,0.58,0.47,0.18,0.50,0.00,0.48,0.22,MIT
1101,YME1_YEAST,0.63,0.57,0.50,0.48,0.50,0.00,0.51,0.22,MIT
1102,RMR3_YEAST,0.51,0.45,0.62,0.25,0.50,0.00,0.59,0.22,MIT
1103,YOX1_YEAST,0.59,0.67,0.54,0.19,0.50,0.00,0.48,0.60,NUC
1104,YPT1_YEAST,0.60,0.61,0.54,0.11,0.50,0.00,0.46,0.22,CYT
1105,YP52_YEAST,0.48,0.61,0.57,0.17,0.50,0.00,0.45,0.22,CYT
1106,YP53_YEAST,0.71,0.50,0.50,0.18,0.50,0.00,0.46,0.22,CYT
1107,YPT7_YEAST,0.61,0.48,0.54,0.25,0.50,0.00,0.50,0.22,CYT
1108,R29A_YEAST,0.38,0.32,0.64,0.41,0.50,0.00,0.44,0.11,CYT
1109,R29B_YEAST,0.38,0.40,0.66,0.35,0.50,0.00,0.43,0.11,CYT
1110,YUR1_YEAST,0.81,0.62,0.43,0.17,0.50,0.00,0.53,0.22,ME2
1111,ZUO1_YEAST,0.43,0.40,0.60,0.16,0.50,0.00,0.53,0.39,NUC
1112,G6PD_YEAST,0.65,0.54,0.54,0.13,0.50,0.00,0.53,0.22,CYT
